age,status,sex,orientation,body_type,diet,drinks,drugs,education,ethnicity,user_id
-1.0140194014162054,3,1,2,0,9,4,0,20,16,200
0.3535287227705299,3,1,2,2,5,2,2,26,54,201
0.037940694112052524,3,0,2,4,9,4,0,7,55,202
-0.06725531544077326,3,0,2,2,2,4,0,7,54,203
0.5639207418761815,3,1,2,1,2,1,0,27,54,204
-0.38284334409925064,2,1,2,2,2,4,0,7,54,205
-0.17245132499359905,3,0,2,9,2,4,0,8,54,206
-0.2776473345464248,3,0,2,10,2,4,0,20,32,207
-0.06725531544077326,3,1,2,2,7,3,0,13,54,208
0.14313670366487832,3,1,2,1,2,4,0,10,54,209
-0.4880393536520764,3,0,2,2,2,4,0,7,54,210
-0.17245132499359905,3,1,2,4,2,4,0,7,54,211
-0.17245132499359905,3,1,2,10,12,1,0,7,54,212
0.14313670366487832,3,1,2,10,9,4,2,7,54,213
-0.38284334409925064,3,1,2,4,0,3,0,7,16,214
-1.0140194014162054,3,1,2,4,2,4,0,20,53,215
0.6691167514290073,3,0,2,2,2,4,0,7,54,216
-0.4880393536520764,3,1,2,10,9,4,0,7,54,217
0.037940694112052524,3,1,2,1,2,4,0,7,54,218
-0.17245132499359905,3,1,2,2,9,2,2,10,54,219
-0.2776473345464248,3,0,0,3,0,4,2,10,54,220
-0.4880393536520764,3,1,2,2,2,4,0,0,50,221
-0.5932353632049022,3,0,2,1,2,4,0,7,54,222
0.14313670366487832,3,1,2,4,2,3,0,7,54,223
0.14313670366487832,3,1,1,1,0,4,0,7,54,224
-0.06725531544077326,2,1,2,4,2,4,0,20,11,225
-0.06725531544077326,3,1,2,10,9,4,2,10,54,226
-0.38284334409925064,3,1,2,1,0,4,0,7,30,227
-0.2776473345464248,3,1,2,4,7,4,0,12,54,228
-1.0140194014162054,3,1,2,1,2,3,0,20,0,229
0.3535287227705299,3,1,2,1,2,4,2,13,47,230
-0.06725531544077326,3,0,2,3,2,4,0,9,34,231
-0.5932353632049022,3,1,2,4,2,2,2,25,54,232
0.24833271321770412,3,0,2,3,2,4,0,7,54,233
-1.119215410969031,3,1,2,4,2,3,0,20,54,234
-0.06725531544077326,3,1,1,2,2,4,0,10,54,235
0.24833271321770412,3,1,2,4,0,4,0,10,54,236
-0.8036273823105538,3,1,2,2,0,4,0,7,17,237
-0.2776473345464248,3,1,2,4,2,4,2,7,54,238
-0.06725531544077326,3,0,2,3,0,4,2,10,54,239
0.9847047800874846,3,1,2,1,2,4,1,26,54,240
-0.06725531544077326,3,0,2,10,0,4,0,10,54,241
1.0899007896403103,3,0,2,4,2,4,0,10,54,242
1.4054888182987877,3,0,2,4,2,4,0,10,0,243
-1.119215410969031,3,1,2,1,2,3,0,24,54,244
-0.2776473345464248,3,1,2,4,9,4,0,7,54,245
-0.9088233918633796,3,0,2,3,2,3,0,20,23,246
0.4587247323233557,2,1,2,4,9,2,2,12,54,247
-1.119215410969031,3,0,2,2,7,1,0,26,55,248
1.9314688660629167,3,1,2,4,2,4,0,14,54,249
-0.9088233918633796,3,1,2,1,0,4,2,13,54,250
-1.119215410969031,3,1,2,10,9,4,1,26,32,251
-0.4880393536520764,3,0,0,3,2,4,0,7,54,252
0.037940694112052524,2,0,2,3,7,4,0,26,54,253
0.774312760981833,3,0,2,2,0,3,0,10,54,254
-1.0140194014162054,3,1,2,1,9,4,0,25,54,255
1.9314688660629167,3,1,2,2,2,2,0,0,54,256
2.8782329520383487,3,1,2,4,0,4,0,10,54,257
0.4587247323233557,3,1,2,4,0,2,2,7,54,258
-0.5932353632049022,3,1,2,4,9,1,0,7,28,259
-0.2776473345464248,3,0,1,10,2,4,0,14,54,260
-0.2776473345464248,3,0,2,2,15,4,0,9,54,261
2.35225290427422,3,0,2,5,2,4,0,7,54,262
-1.224411420521857,3,1,2,10,0,3,0,20,54,263
-0.5932353632049022,3,0,1,3,2,4,0,20,32,264
-0.5932353632049022,3,0,2,4,2,4,0,7,54,265
3.193820980696826,3,1,2,4,0,4,0,10,54,266
-0.4880393536520764,3,1,2,1,2,4,0,7,54,267
-0.2776473345464248,3,1,2,0,3,2,0,2,54,268
-0.698431372757728,3,1,2,0,2,2,2,1,54,269
0.037940694112052524,3,1,1,4,2,4,0,7,54,270
-1.119215410969031,3,0,2,4,2,4,0,20,30,271
-0.4880393536520764,3,0,2,3,0,2,0,7,54,272
0.14313670366487832,3,0,2,1,2,4,0,23,54,273
-0.38284334409925064,3,0,2,1,2,3,0,9,0,274
0.5639207418761815,3,1,2,4,2,1,0,7,54,275
-0.38284334409925064,3,0,2,10,7,3,0,25,34,276
1.0899007896403103,3,1,2,4,0,4,0,12,0,277
0.037940694112052524,3,0,2,0,2,4,0,10,54,278
-0.38284334409925064,3,1,2,1,2,4,2,10,30,279
-0.4880393536520764,3,0,0,4,0,4,0,7,0,280
-0.38284334409925064,3,1,2,4,2,4,0,7,0,281
-0.2776473345464248,2,0,2,4,0,4,0,7,54,282
-0.06725531544077326,3,0,2,4,9,4,0,25,54,283
1.1950967991931363,3,0,2,3,9,4,0,9,54,284
-0.8036273823105538,3,0,1,4,2,2,0,7,32,285
-0.17245132499359905,2,0,2,10,2,4,0,20,54,286
2.8782329520383487,3,0,2,0,2,4,0,7,54,287
0.14313670366487832,3,1,2,2,2,3,0,7,54,288
-0.8036273823105538,3,0,2,10,7,4,0,7,54,289
1.1950967991931363,3,0,2,10,9,4,0,10,34,290
-0.2776473345464248,3,1,2,2,2,4,2,10,32,291
1.0899007896403103,3,0,2,1,0,4,0,26,54,292
2.7730369424855232,3,0,2,1,2,3,0,10,54,293
1.9314688660629167,3,0,2,10,2,4,0,19,30,294
3.6146050189081294,3,0,2,4,2,4,0,7,54,295
-1.0140194014162054,3,0,2,2,13,4,0,8,54,296
0.3535287227705299,3,1,2,2,5,3,0,7,0,297
-0.17245132499359905,3,1,2,2,2,4,0,14,0,298
-0.38284334409925064,3,1,2,1,2,4,2,7,54,299
0.24833271321770412,3,0,2,2,2,4,0,7,0,300
0.774312760981833,3,1,2,10,0,4,0,14,54,301
1.5106848278516136,3,1,2,4,9,4,0,7,54,302
1.9314688660629167,3,0,2,2,2,4,0,7,54,303
0.9847047800874846,3,1,2,1,2,3,0,7,11,304
-0.2776473345464248,3,0,2,1,2,4,0,14,43,305
2.247056894721394,3,0,2,2,8,3,0,19,54,306
0.774312760981833,3,1,2,4,7,3,0,10,54,307
2.8782329520383487,3,0,2,10,2,1,0,7,54,308
1.0899007896403103,3,0,2,4,9,3,2,7,54,309
-0.4880393536520764,3,1,2,1,9,3,0,7,17,310
1.4054888182987877,3,0,2,2,5,4,0,7,54,311
1.6158808374044393,3,1,2,2,2,3,0,14,54,312
1.826272856510091,3,0,2,2,7,4,2,7,54,313
-0.5932353632049022,3,1,2,1,7,4,2,7,54,314
0.4587247323233557,3,0,2,4,2,4,0,7,0,315
2.0366648756157426,3,1,2,4,2,4,0,7,54,316
-0.38284334409925064,3,1,2,1,0,4,0,10,54,317
1.721076846957265,0,0,2,2,7,4,0,7,30,318
1.6158808374044393,3,1,2,4,2,1,0,1,54,319
0.24833271321770412,3,0,0,3,0,4,2,0,54,320
0.5639207418761815,3,0,2,4,9,2,2,7,49,321
0.037940694112052524,3,1,2,1,2,4,0,7,30,322
0.14313670366487832,3,0,2,2,2,4,0,14,17,323
1.0899007896403103,3,1,2,2,11,4,2,7,25,324
-0.2776473345464248,3,1,2,4,9,4,0,10,54,325
2.4574489138270454,3,1,2,2,2,4,0,7,54,326
-0.06725531544077326,3,0,2,2,7,1,0,7,54,327
0.774312760981833,3,0,2,10,0,1,0,7,30,328
1.9314688660629167,0,1,2,1,2,4,0,7,54,329
-0.2776473345464248,3,0,2,3,7,4,0,20,22,330
0.3535287227705299,3,1,2,4,13,4,0,7,0,331
-1.3296074300746827,3,0,2,2,7,4,2,20,54,332
3.193820980696826,3,0,2,10,0,4,0,7,54,333
1.300292808745962,3,0,2,4,2,4,0,10,55,334
0.8795087705346588,3,0,2,3,2,1,0,7,54,335
3.299016990249652,3,0,2,2,2,4,0,4,54,336
2.247056894721394,3,0,2,2,2,4,0,14,30,337
3.0886249711440006,3,0,2,2,2,4,0,1,54,338
0.24833271321770412,3,0,2,1,0,4,0,10,54,339
-0.17245132499359905,3,1,2,1,9,4,0,10,54,340
-1.224411420521857,3,1,2,2,2,4,2,20,54,341
-1.3296074300746827,3,1,0,0,0,1,0,27,54,342
2.9834289615911747,3,1,2,1,0,1,0,10,54,343
0.24833271321770412,3,0,2,3,2,3,0,7,54,344
-0.5932353632049022,3,1,2,4,7,4,0,7,54,345
1.300292808745962,3,0,2,2,2,4,0,7,54,346
-0.17245132499359905,3,0,2,9,9,2,2,13,54,347
-0.5932353632049022,3,1,2,2,9,4,0,10,54,348
0.24833271321770412,3,1,2,2,2,3,0,1,54,349
1.721076846957265,3,1,2,4,2,3,0,10,0,350
-0.4880393536520764,3,0,2,2,2,3,0,10,54,351
0.3535287227705299,3,1,2,2,14,4,0,12,0,352
1.6158808374044393,3,0,2,1,2,4,0,7,54,353
-0.06725531544077326,3,1,2,1,2,4,0,7,30,354
-0.698431372757728,3,0,2,4,0,4,0,9,54,355
0.14313670366487832,3,1,2,10,0,1,0,1,54,356
-0.17245132499359905,0,1,2,1,13,4,0,9,54,357
2.6678409329326973,3,1,2,1,12,3,2,7,54,358
0.9847047800874846,3,1,2,9,2,4,0,7,54,359
0.8795087705346588,3,0,2,4,2,4,0,10,17,360
0.5639207418761815,3,1,2,4,13,1,0,6,54,361
2.9834289615911747,3,1,2,4,2,4,0,9,54,362
-1.0140194014162054,3,0,2,6,2,2,2,7,54,363
2.6678409329326973,3,0,2,2,7,3,0,7,54,364
1.1950967991931363,3,0,2,3,2,4,0,7,54,365
-1.224411420521857,3,0,2,2,2,4,0,20,17,366
-0.2776473345464248,3,1,1,9,7,4,0,7,54,367
0.9847047800874846,3,0,2,10,2,4,0,7,47,368
-0.9088233918633796,3,1,2,4,9,4,0,7,54,369
1.826272856510091,3,0,2,3,5,4,0,10,54,370
2.8782329520383487,3,1,2,2,0,4,0,7,49,371
0.14313670366487832,3,0,2,5,2,2,0,7,54,372
0.4587247323233557,3,1,2,2,9,4,0,7,49,373
-0.17245132499359905,3,0,1,10,15,4,0,12,54,374
-0.38284334409925064,3,1,2,4,2,4,0,7,32,375
-0.2776473345464248,3,1,0,0,7,4,2,12,27,376
1.6158808374044393,3,1,2,4,0,4,0,15,54,377
-0.8036273823105538,3,1,2,4,2,4,0,7,0,378
2.141860885168568,3,0,2,10,9,2,0,10,54,379
0.037940694112052524,3,0,2,4,0,4,0,10,34,380
-0.06725531544077326,3,0,2,4,6,3,0,23,46,381
-1.0140194014162054,3,0,2,2,2,4,0,20,11,382
0.14313670366487832,3,0,2,1,0,4,0,7,0,383
1.300292808745962,3,1,2,2,9,4,0,7,54,384
0.037940694112052524,3,0,2,2,2,4,0,7,54,385
0.774312760981833,3,0,2,4,12,1,0,7,55,386
1.6158808374044393,3,0,2,4,7,4,0,7,54,387
0.14313670366487832,3,1,2,1,2,4,2,7,0,388
0.6691167514290073,3,0,2,4,7,3,0,10,54,389
-0.698431372757728,3,1,2,2,2,4,0,7,0,390
-0.9088233918633796,3,1,2,7,9,5,1,7,54,391
1.721076846957265,3,1,2,4,2,3,0,10,54,392
-0.4880393536520764,3,1,2,4,0,4,0,25,54,393
2.8782329520383487,3,1,2,4,2,4,0,7,0,394
-0.8036273823105538,3,1,2,4,2,4,0,7,54,395
-0.17245132499359905,0,1,2,1,9,4,0,23,54,396
-1.4348034396275084,3,1,2,1,9,4,0,20,54,397
-0.4880393536520764,3,0,2,10,7,4,0,7,54,398
-1.224411420521857,3,1,2,1,9,4,2,5,43,399
1.1950967991931363,3,1,2,2,2,2,1,26,54,400
-0.4880393536520764,3,1,2,1,0,4,0,10,0,401
-0.17245132499359905,3,1,2,2,2,4,0,7,0,402
0.9847047800874846,3,1,2,2,2,4,0,9,54,403
0.5639207418761815,3,1,2,2,0,4,0,10,0,404
1.0899007896403103,3,1,2,1,2,4,0,1,30,405
-0.5932353632049022,3,0,2,3,2,4,0,27,32,406
0.5639207418761815,3,1,2,4,2,4,2,7,17,407
1.9314688660629167,3,1,2,2,2,2,0,7,54,408
1.826272856510091,0,1,2,1,9,4,2,5,55,409
0.037940694112052524,3,1,2,3,2,3,2,13,32,410
-0.5932353632049022,3,0,2,0,12,0,1,2,49,411
-0.9088233918633796,3,1,2,2,2,4,2,20,0,412
-0.38284334409925064,3,1,2,1,2,3,0,7,54,413
1.300292808745962,0,1,0,1,2,4,2,20,48,414
0.8795087705346588,3,0,2,3,5,4,0,10,21,415
-0.5932353632049022,3,1,2,10,13,4,2,7,54,416
0.4587247323233557,3,1,2,2,9,2,2,1,54,417
0.9847047800874846,0,0,0,4,9,2,0,14,54,418
1.4054888182987877,3,1,2,1,2,4,0,14,30,419
-0.5932353632049022,3,1,2,2,9,2,0,7,54,420
-0.9088233918633796,3,1,2,4,2,4,0,7,54,421
-0.2776473345464248,3,1,2,2,0,4,0,9,54,422
0.14313670366487832,3,0,2,10,0,1,0,7,54,423
2.141860885168568,3,1,2,0,0,4,0,8,30,424
-0.698431372757728,3,1,2,1,2,4,0,14,30,425
3.0886249711440006,3,1,2,4,2,4,0,7,54,426
-0.38284334409925064,3,1,2,2,2,4,0,10,54,427
0.3535287227705299,3,1,2,2,13,1,2,25,54,428
-0.2776473345464248,3,0,2,1,2,4,0,10,54,429
1.4054888182987877,3,1,2,2,2,4,0,0,0,430
-0.698431372757728,3,0,2,9,2,4,0,7,34,431
1.300292808745962,2,0,2,10,7,4,2,7,54,432
-0.17245132499359905,3,0,2,4,2,3,2,0,54,433
2.7730369424855232,3,0,2,3,0,4,0,10,54,434
1.300292808745962,3,0,2,4,2,4,0,10,54,435
-0.06725531544077326,3,0,2,4,9,2,0,19,54,436
0.6691167514290073,3,0,2,3,9,4,2,10,38,437
1.6158808374044393,3,0,2,2,2,3,0,10,32,438
-0.38284334409925064,0,1,0,4,7,2,2,1,54,439
3.404212999802478,3,0,2,2,2,3,0,7,54,440
2.6678409329326973,3,0,2,0,0,1,0,7,54,441
3.404212999802478,3,0,2,1,7,4,0,10,54,442
-0.5932353632049022,3,1,2,2,9,4,0,24,54,443
2.141860885168568,3,1,1,0,8,4,0,7,54,444
1.4054888182987877,3,0,2,3,2,4,0,10,54,445
-0.8036273823105538,3,0,2,2,9,1,0,7,54,446
-0.5932353632049022,3,0,2,9,2,4,0,7,54,447
-0.698431372757728,3,0,2,4,0,4,0,10,54,448
0.3535287227705299,3,1,2,1,2,4,0,9,54,449
-1.119215410969031,3,1,2,1,0,4,2,8,32,450
1.721076846957265,3,0,2,4,2,4,0,7,54,451
-0.4880393536520764,3,1,0,1,2,5,2,14,54,452
-0.06725531544077326,0,1,2,10,0,4,0,7,32,453
2.4574489138270454,3,0,2,3,11,4,0,10,54,454
0.5639207418761815,3,0,2,1,5,4,0,14,54,455
-0.8036273823105538,3,1,2,2,2,4,0,20,54,456
0.037940694112052524,3,0,2,2,2,4,0,9,54,457
-1.4348034396275084,3,1,2,2,2,1,0,8,50,458
-1.3296074300746827,3,1,2,4,2,4,0,21,30,459
-1.0140194014162054,3,0,2,4,2,4,0,13,54,460
0.4587247323233557,3,0,2,1,9,4,0,10,28,461
-1.3296074300746827,3,0,2,7,9,4,0,8,30,462
1.1950967991931363,3,0,2,3,2,4,0,10,54,463
0.14313670366487832,3,0,2,9,0,4,0,7,0,464
-0.4880393536520764,3,0,1,9,15,2,0,7,54,465
-0.5932353632049022,3,1,2,2,0,4,0,0,54,466
0.6691167514290073,0,1,2,1,0,4,0,10,0,467
-0.06725531544077326,3,1,2,4,2,4,0,10,54,468
-0.4880393536520764,3,1,2,9,2,2,0,9,54,469
0.14313670366487832,3,1,2,1,9,4,0,7,54,470
0.037940694112052524,3,1,2,4,2,4,0,23,54,471
0.24833271321770412,3,0,0,4,7,4,0,10,54,472
-0.17245132499359905,3,0,2,4,0,4,0,7,0,473
3.0886249711440006,3,1,2,2,8,1,0,7,54,474
0.24833271321770412,3,0,2,3,9,4,0,7,49,475
-0.2776473345464248,3,1,2,1,0,4,0,10,0,476
-0.17245132499359905,3,1,2,1,9,4,0,7,54,477
-0.2776473345464248,3,1,2,4,2,4,0,7,54,478
1.0899007896403103,3,1,2,2,0,5,0,7,54,479
1.1950967991931363,1,0,2,5,9,4,2,7,54,480
0.774312760981833,3,1,1,10,2,4,2,7,54,481
-0.38284334409925064,3,1,2,1,8,4,0,7,54,482
0.4587247323233557,3,1,2,0,2,1,0,14,11,483
0.774312760981833,0,1,2,2,9,4,0,7,54,484
-1.0140194014162054,3,1,2,4,7,4,2,7,54,485
0.8795087705346588,3,1,2,4,2,4,0,7,54,486
-0.5932353632049022,3,1,2,2,7,5,2,1,54,487
-0.698431372757728,3,0,2,9,0,3,0,0,0,488
0.3535287227705299,3,1,2,4,0,2,2,7,54,489
-0.4880393536520764,3,1,2,1,2,4,0,0,54,490
0.14313670366487832,3,0,2,10,0,4,0,10,54,491
0.14313670366487832,3,1,2,4,2,4,0,20,49,492
0.037940694112052524,3,1,1,2,0,4,2,20,54,493
-0.8036273823105538,0,1,2,4,2,4,0,7,54,494
-0.06725531544077326,3,1,2,2,2,4,0,14,17,495
-1.0140194014162054,3,1,2,1,7,4,1,7,54,496
1.6158808374044393,3,1,2,4,2,2,0,7,54,497
0.774312760981833,3,0,2,2,0,4,0,8,30,498
0.24833271321770412,3,1,2,2,2,4,0,10,0,499
-0.17245132499359905,3,1,2,4,9,4,0,10,32,500
-0.38284334409925064,3,1,1,4,0,4,0,0,16,501
0.037940694112052524,3,1,2,2,0,4,0,20,30,502
0.6691167514290073,3,0,2,3,2,3,0,7,50,503
-0.698431372757728,3,0,2,9,9,4,0,23,54,504
-0.8036273823105538,3,1,2,1,9,4,0,10,54,505
0.037940694112052524,3,1,2,1,2,4,0,8,54,506
-0.06725531544077326,3,1,2,1,2,4,0,7,54,507
0.8795087705346588,3,0,2,2,7,1,0,10,54,508
-0.17245132499359905,3,0,2,10,0,4,0,9,17,509
-0.4880393536520764,3,0,2,1,7,4,0,7,54,510
-0.9088233918633796,3,1,2,2,9,2,2,7,54,511
-0.5932353632049022,3,1,2,0,2,4,0,8,17,512
-0.38284334409925064,3,0,1,4,15,4,0,26,54,513
-0.9088233918633796,3,1,2,1,5,4,2,8,54,514
-0.9088233918633796,3,1,2,1,2,4,0,8,54,515
-0.17245132499359905,3,1,2,4,9,4,2,8,54,516
-0.698431372757728,3,1,2,4,7,4,0,14,51,517
0.3535287227705299,3,0,2,3,2,4,0,7,30,518
-0.8036273823105538,3,1,2,1,2,4,0,20,54,519
-0.5932353632049022,3,0,1,9,2,4,2,1,54,520
0.4587247323233557,3,0,1,2,0,4,0,24,50,521
1.5106848278516136,3,0,2,10,2,4,2,7,54,522
2.8782329520383487,3,1,2,0,2,2,2,10,54,523
-1.3296074300746827,3,1,2,10,9,1,0,20,54,524
-0.06725531544077326,3,1,2,1,2,4,0,7,54,525
-1.119215410969031,3,1,2,1,4,3,0,20,17,526
-0.06725531544077326,3,1,2,1,6,0,2,14,47,527
1.0899007896403103,0,1,2,4,2,4,0,27,30,528
1.0899007896403103,3,1,1,10,0,4,0,7,54,529
1.5106848278516136,3,1,1,1,2,4,0,10,54,530
0.5639207418761815,3,0,2,4,9,4,0,10,54,531
-0.2776473345464248,3,1,2,0,0,4,0,8,30,532
-0.698431372757728,3,1,2,2,15,2,2,25,34,533
0.3535287227705299,3,1,2,2,2,3,0,7,54,534
0.14313670366487832,3,1,1,4,2,4,0,7,17,535
-0.17245132499359905,3,1,2,4,7,4,0,7,54,536
0.24833271321770412,3,0,2,1,7,2,2,12,54,537
-0.17245132499359905,3,1,2,10,2,4,0,7,54,538
-1.224411420521857,3,1,2,2,2,4,2,27,0,539
-0.06725531544077326,3,1,2,2,9,4,0,10,54,540
-0.9088233918633796,3,1,1,10,2,4,2,7,54,541
-1.0140194014162054,3,1,2,4,9,4,0,20,47,542
-0.2776473345464248,3,1,2,4,9,3,0,7,54,543
0.3535287227705299,0,0,2,2,2,4,0,0,54,544
0.774312760981833,3,1,2,4,2,4,0,7,54,545
0.4587247323233557,2,0,2,3,2,4,0,7,32,546
-0.698431372757728,3,1,2,10,2,4,0,7,54,547
-0.4880393536520764,3,1,2,4,2,4,0,10,54,548
-0.2776473345464248,3,1,2,2,2,4,0,7,54,549
-0.17245132499359905,3,1,2,10,13,4,0,26,32,550
-0.5932353632049022,0,1,2,4,2,3,2,4,43,551
-0.8036273823105538,3,0,2,1,0,4,0,7,54,552
-0.8036273823105538,3,1,2,2,13,5,2,7,54,553
-0.4880393536520764,3,1,2,1,5,4,0,7,49,554
-1.119215410969031,3,0,0,9,0,4,0,20,17,555
-0.698431372757728,3,1,2,1,2,4,0,23,0,556
0.037940694112052524,3,1,2,1,7,4,2,25,54,557
0.037940694112052524,3,0,2,10,0,4,0,7,54,558
-0.5932353632049022,3,1,2,2,2,4,0,10,0,559
-1.119215410969031,3,0,2,3,7,2,2,20,45,560
-1.224411420521857,3,0,2,10,13,1,0,20,54,561
0.4587247323233557,3,1,2,4,9,1,0,10,54,562
-0.4880393536520764,3,1,2,4,7,4,0,25,54,563
-1.119215410969031,3,1,1,4,9,3,0,20,54,564
0.14313670366487832,3,1,2,11,9,2,2,13,54,565
-0.2776473345464248,3,0,1,0,2,1,0,0,54,566
-0.698431372757728,3,0,2,1,0,4,0,7,54,567
-1.119215410969031,3,0,2,3,0,4,0,20,1,568
-0.4880393536520764,3,1,2,2,9,4,0,25,32,569
0.6691167514290073,3,0,2,3,5,4,0,10,54,570
0.037940694112052524,3,1,2,2,9,4,0,7,54,571
1.0899007896403103,3,1,2,1,13,3,0,10,54,572
0.24833271321770412,3,0,2,2,2,4,2,5,54,573
-0.5932353632049022,3,1,2,4,2,4,0,20,54,574
-1.0140194014162054,3,0,1,2,12,1,0,14,30,575
-0.8036273823105538,3,0,2,2,7,4,2,7,54,576
-0.8036273823105538,3,1,1,9,2,4,0,10,34,577
0.24833271321770412,3,1,0,3,9,4,0,10,55,578
0.8795087705346588,3,1,2,2,2,3,0,13,54,579
-0.8036273823105538,3,0,2,10,9,4,0,7,0,580
-0.9088233918633796,0,1,2,2,13,3,2,6,54,581
-0.2776473345464248,3,0,2,2,2,4,0,23,0,582
-0.2776473345464248,3,0,1,10,9,4,0,25,54,583
-0.06725531544077326,3,1,1,10,2,2,2,20,54,584
-0.698431372757728,3,0,2,10,2,4,0,7,0,585
-0.38284334409925064,3,1,2,10,9,4,2,7,49,586
-0.5932353632049022,3,0,2,10,9,4,2,7,0,587
-0.698431372757728,3,0,2,2,2,2,2,6,54,588
-0.38284334409925064,3,1,2,1,7,1,0,27,54,589
-1.119215410969031,3,0,0,10,9,4,0,26,54,590
-0.17245132499359905,3,1,1,2,0,4,0,10,54,591
-0.9088233918633796,3,0,2,1,2,4,2,7,54,592
-0.8036273823105538,3,0,0,2,9,4,0,25,54,593
0.8795087705346588,0,1,2,4,2,2,0,12,54,594
-0.4880393536520764,2,0,0,5,11,3,2,26,54,595
-0.17245132499359905,3,0,2,4,0,4,0,7,54,596
-0.2776473345464248,3,0,2,10,2,4,0,7,54,597
-1.0140194014162054,3,0,1,4,7,4,2,7,32,598
-0.06725531544077326,3,0,2,3,0,4,0,4,54,599
-1.0140194014162054,3,0,2,2,2,3,0,21,54,600
-0.17245132499359905,3,1,2,1,8,4,0,7,17,601
0.4587247323233557,3,0,2,4,2,4,0,7,54,602
-0.9088233918633796,3,1,2,1,9,4,0,7,54,603
-1.224411420521857,3,0,2,9,2,4,2,20,0,604
0.3535287227705299,3,0,2,1,2,4,2,11,54,605
0.3535287227705299,3,1,2,2,0,3,0,0,54,606
-0.2776473345464248,3,0,2,3,2,4,0,7,0,607
-0.8036273823105538,3,1,2,4,0,4,0,7,0,608
-0.06725531544077326,3,0,2,4,7,4,0,10,54,609
-0.5932353632049022,3,1,2,4,0,4,0,7,54,610
0.4587247323233557,3,1,2,2,9,4,0,7,54,611
0.3535287227705299,3,0,2,2,2,4,0,12,54,612
0.037940694112052524,3,0,2,10,9,2,0,10,54,613
-0.5932353632049022,3,0,2,1,0,4,2,23,54,614
0.5639207418761815,3,0,2,2,2,4,0,7,54,615
0.9847047800874846,3,1,2,4,8,3,0,10,32,616
-0.5932353632049022,3,0,2,1,2,4,0,24,32,617
-0.2776473345464248,3,0,1,0,2,2,2,7,54,618
0.14313670366487832,3,0,2,10,13,4,2,7,54,619
0.5639207418761815,3,1,2,1,13,4,2,7,54,620
-0.38284334409925064,3,1,2,2,2,4,0,7,54,621
-0.38284334409925064,3,0,2,10,2,4,0,10,54,622
-0.698431372757728,3,0,0,10,9,4,0,7,54,623
0.24833271321770412,3,1,2,1,9,4,0,10,54,624
0.3535287227705299,3,1,2,4,0,4,0,7,0,625
-0.06725531544077326,3,1,2,4,7,4,0,10,54,626
-0.5932353632049022,3,1,2,2,2,4,0,7,54,627
-0.698431372757728,3,0,2,3,0,4,0,7,54,628
-1.119215410969031,3,0,2,4,7,4,0,27,47,629
1.4054888182987877,3,1,2,0,2,1,0,7,0,630
-0.17245132499359905,3,1,2,2,2,4,0,10,0,631
-0.698431372757728,3,0,2,3,0,4,0,7,54,632
-0.9088233918633796,3,1,2,4,2,4,0,7,54,633
-1.0140194014162054,3,1,1,4,2,4,0,7,30,634
0.037940694112052524,3,1,2,1,2,4,0,10,54,635
0.3535287227705299,3,0,2,4,2,4,0,14,49,636
-0.8036273823105538,3,1,2,4,2,4,0,7,0,637
-0.4880393536520764,3,0,1,4,2,4,2,25,54,638
-0.8036273823105538,3,1,2,7,2,1,0,7,0,639
-0.38284334409925064,3,1,2,2,0,4,0,10,34,640
0.14313670366487832,3,1,2,10,0,4,2,10,54,641
-0.38284334409925064,3,1,2,4,2,4,0,7,54,642
1.0899007896403103,3,0,2,1,2,4,0,9,54,643
-0.38284334409925064,3,1,2,2,3,3,0,1,25,644
-0.4880393536520764,3,0,2,3,2,4,0,7,39,645
-0.8036273823105538,3,0,2,1,15,4,1,20,54,646
0.8795087705346588,3,1,2,2,9,4,0,10,54,647
0.5639207418761815,3,1,2,4,2,3,0,0,54,648
1.721076846957265,3,1,2,0,9,4,0,7,54,649
-0.38284334409925064,3,0,2,10,0,3,0,7,0,650
0.6691167514290073,3,1,2,2,0,4,2,1,54,651
1.300292808745962,3,1,2,2,2,1,0,10,54,652
-0.06725531544077326,3,1,2,4,9,4,2,9,0,653
-0.9088233918633796,3,0,0,0,2,4,0,20,33,654
0.5639207418761815,3,1,2,4,2,2,2,26,54,655
-0.38284334409925064,3,1,2,2,9,4,0,10,30,656
-1.4348034396275084,3,1,2,2,2,4,2,20,32,657
-1.119215410969031,3,1,2,2,2,3,0,20,54,658
-0.38284334409925064,3,1,2,2,0,4,2,7,54,659
1.1950967991931363,3,1,2,4,7,1,0,10,54,660
0.5639207418761815,3,0,2,10,2,4,0,5,45,661
1.4054888182987877,3,1,2,1,2,4,0,11,0,662
-0.698431372757728,3,1,2,1,2,4,0,7,49,663
-0.38284334409925064,3,0,2,4,2,4,0,7,17,664
-0.2776473345464248,3,0,2,4,7,4,0,0,30,665
-0.698431372757728,3,1,2,4,7,4,0,10,34,666
-0.8036273823105538,3,1,1,5,2,3,0,20,30,667
-0.17245132499359905,3,1,2,1,2,4,0,10,0,668
-0.698431372757728,0,0,0,10,2,3,0,7,54,669
-0.06725531544077326,3,0,2,10,7,4,0,11,43,670
-0.4880393536520764,3,1,2,1,2,4,0,7,27,671
-0.17245132499359905,3,1,2,4,2,4,0,13,49,672
0.24833271321770412,3,0,2,0,0,4,0,7,54,673
-0.4880393536520764,3,1,2,1,2,4,0,11,54,674
-0.8036273823105538,3,0,2,2,0,4,0,0,54,675
-0.698431372757728,3,1,2,4,2,4,0,7,54,676
-0.38284334409925064,3,1,1,4,9,2,0,10,54,677
-1.224411420521857,3,1,2,2,2,4,2,20,54,678
0.5639207418761815,3,1,1,2,5,3,0,9,54,679
1.0899007896403103,3,1,2,2,9,4,0,7,54,680
-0.17245132499359905,3,1,2,4,2,4,0,10,54,681
-0.9088233918633796,3,1,1,2,2,4,0,7,54,682
-0.17245132499359905,3,1,2,0,9,4,0,18,54,683
-0.8036273823105538,3,1,2,9,7,4,2,7,54,684
0.14313670366487832,3,1,2,2,2,4,0,13,30,685
-0.06725531544077326,3,1,2,10,9,4,0,12,54,686
-0.9088233918633796,3,1,2,1,2,4,0,7,54,687
0.3535287227705299,3,1,2,1,0,4,0,7,54,688
-1.224411420521857,3,1,2,1,9,4,2,20,54,689
-0.8036273823105538,3,1,1,4,2,4,0,1,54,690
0.5639207418761815,3,1,2,2,9,3,2,7,54,691
-1.4348034396275084,3,1,2,1,0,1,0,21,16,692
-0.698431372757728,3,1,2,4,2,4,0,7,0,693
-0.38284334409925064,3,1,2,0,0,4,0,7,0,694
-0.06725531544077326,3,0,2,4,2,3,0,7,17,695
0.3535287227705299,3,0,2,10,0,4,0,7,54,696
-0.2776473345464248,3,1,2,1,2,0,0,7,8,697
-0.8036273823105538,3,1,2,1,9,4,0,10,40,698
3.404212999802478,3,0,2,2,2,3,0,7,54,699
-0.17245132499359905,3,0,0,1,2,4,0,11,54,700
-1.119215410969031,3,0,1,10,2,1,0,20,49,701
0.5639207418761815,3,0,2,4,2,4,0,10,54,702
-0.8036273823105538,3,1,2,4,2,4,0,10,34,703
-0.698431372757728,3,0,2,1,9,4,0,20,54,704
-0.2776473345464248,3,1,2,1,2,4,0,20,0,705
-1.224411420521857,3,1,2,10,6,4,0,20,49,706
-0.698431372757728,3,1,2,4,9,4,0,10,54,707
-0.17245132499359905,3,1,2,10,2,4,0,10,54,708
-0.698431372757728,3,1,2,0,0,4,0,27,30,709
-0.698431372757728,3,0,2,6,11,4,0,7,0,710
-0.698431372757728,3,0,2,4,2,2,0,10,54,711
0.774312760981833,3,1,2,1,2,4,0,0,54,712
-0.17245132499359905,3,1,1,1,8,3,0,7,54,713
0.3535287227705299,3,1,2,4,2,1,0,27,54,714
-0.38284334409925064,3,1,2,2,0,4,0,13,54,715
-1.0140194014162054,3,1,1,2,2,3,0,0,30,716
1.1950967991931363,3,1,2,0,2,4,0,13,54,717
0.5639207418761815,3,1,2,0,9,1,2,7,54,718
-0.698431372757728,3,1,2,1,2,4,0,7,49,719
0.5639207418761815,3,0,2,2,9,4,0,10,54,720
0.8795087705346588,3,0,2,4,7,4,0,7,54,721
-0.2776473345464248,3,0,2,10,0,4,0,7,54,722
-0.17245132499359905,3,1,2,1,2,4,0,24,34,723
-0.4880393536520764,3,1,2,9,2,4,0,10,34,724
-0.698431372757728,3,1,2,0,2,4,0,7,7,725
-0.06725531544077326,3,1,2,1,2,4,0,10,0,726
-0.5932353632049022,3,1,2,1,2,4,0,10,34,727
0.9847047800874846,3,0,2,2,7,4,0,7,54,728
-0.17245132499359905,3,0,2,4,2,4,0,5,54,729
-0.5932353632049022,3,1,2,1,2,4,0,7,34,730
-0.06725531544077326,3,1,2,4,9,2,2,26,54,731
0.6691167514290073,3,0,2,7,2,3,0,12,54,732
-0.06725531544077326,3,0,2,4,2,4,0,7,54,733
-0.2776473345464248,3,1,2,1,2,4,2,7,54,734
-0.9088233918633796,3,1,2,1,0,4,0,25,54,735
-1.119215410969031,3,1,2,1,10,2,2,26,54,736
0.037940694112052524,3,0,2,1,7,4,0,10,30,737
0.14313670366487832,3,1,2,4,9,0,2,26,54,738
0.037940694112052524,3,0,2,0,9,2,2,7,54,739
-0.5932353632049022,3,1,2,1,2,4,0,7,0,740
0.8795087705346588,3,1,2,2,12,2,2,10,16,741
-1.0140194014162054,3,0,2,3,7,4,0,1,55,742
3.5094090093553034,3,0,2,10,2,4,0,7,54,743
-0.06725531544077326,3,1,2,4,2,4,0,7,34,744
-1.0140194014162054,3,1,2,1,2,4,0,7,54,745
-0.4880393536520764,3,0,2,4,2,4,0,7,54,746
2.0366648756157426,3,0,2,3,2,3,0,20,54,747
-0.17245132499359905,3,1,2,1,9,2,2,7,32,748
-0.38284334409925064,3,1,2,2,2,4,0,8,54,749
-0.38284334409925064,3,1,2,4,0,4,0,25,39,750
-0.4880393536520764,3,0,2,3,2,4,0,23,54,751
0.3535287227705299,3,0,2,1,2,4,0,10,54,752
-0.9088233918633796,3,0,2,4,0,4,0,20,54,753
0.037940694112052524,3,1,2,4,0,4,0,10,0,754
2.6678409329326973,3,0,2,4,2,4,0,7,0,755
0.8795087705346588,3,0,1,9,2,4,0,7,0,756
-0.17245132499359905,3,0,2,4,9,4,0,10,0,757
-0.4880393536520764,3,1,2,4,2,4,2,7,16,758
-1.4348034396275084,3,0,0,10,2,1,0,20,54,759
0.037940694112052524,3,0,2,3,2,4,0,7,50,760
-0.8036273823105538,3,1,2,4,9,4,2,7,54,761
-1.224411420521857,3,0,2,3,2,4,0,27,54,762
-0.698431372757728,3,1,2,10,13,1,0,1,30,763
-0.2776473345464248,3,1,2,10,0,4,0,10,0,764
0.6691167514290073,3,1,2,2,2,4,0,7,53,765
-1.119215410969031,3,1,2,1,2,4,2,7,54,766
-0.9088233918633796,3,1,2,2,2,4,2,23,54,767
0.6691167514290073,3,1,2,11,9,1,0,18,54,768
-0.2776473345464248,3,1,2,4,2,4,0,26,54,769
-0.4880393536520764,3,1,2,1,6,4,0,7,49,770
-0.8036273823105538,2,1,2,1,9,4,0,22,30,771
-0.698431372757728,3,1,2,4,2,3,0,24,0,772
-0.9088233918633796,3,1,2,2,2,4,0,7,54,773
-0.5932353632049022,3,0,2,1,9,4,0,7,0,774
-0.8036273823105538,3,1,2,2,0,4,0,25,0,775
3.299016990249652,3,0,2,4,7,4,0,7,30,776
-1.119215410969031,3,1,2,1,2,4,2,20,26,777
1.826272856510091,3,1,2,9,7,4,2,7,54,778
-0.4880393536520764,3,0,2,1,2,4,0,7,54,779
0.4587247323233557,3,0,2,2,7,4,0,7,54,780
0.9847047800874846,3,1,2,0,2,4,0,7,17,781
-0.2776473345464248,3,0,2,2,0,4,0,7,50,782
-0.698431372757728,3,1,2,2,0,4,0,24,0,783
-0.8036273823105538,3,0,2,4,2,4,0,7,0,784
1.300292808745962,3,0,2,10,0,3,0,12,0,785
-0.8036273823105538,3,1,2,1,15,4,0,20,30,786
-0.4880393536520764,3,1,2,2,2,4,0,7,17,787
0.037940694112052524,3,0,2,4,13,2,0,7,54,788
0.24833271321770412,3,1,2,1,9,4,0,12,0,789
1.300292808745962,3,1,2,1,2,4,0,7,54,790
-0.06725531544077326,3,1,2,4,7,3,0,7,0,791
0.4587247323233557,3,1,2,4,2,4,0,13,0,792
-0.2776473345464248,3,1,2,4,2,4,0,7,54,793
-0.4880393536520764,3,1,2,4,2,4,0,7,43,794
3.404212999802478,3,1,2,1,0,4,0,10,54,795
-0.8036273823105538,3,1,2,1,9,4,2,18,54,796
-0.5932353632049022,3,1,2,2,2,4,0,7,0,797
0.3535287227705299,3,1,2,2,9,4,0,9,54,798
0.14313670366487832,1,1,2,0,7,4,2,20,54,799
-0.4880393536520764,3,0,2,3,2,4,0,10,30,800
0.8795087705346588,3,0,2,2,2,4,0,10,34,801
0.24833271321770412,2,1,2,1,9,1,0,7,54,802
2.9834289615911747,3,0,2,2,2,4,0,10,54,803
-0.9088233918633796,3,1,2,4,0,4,0,0,30,804
-0.5932353632049022,3,1,2,2,9,4,0,7,11,805
-0.8036273823105538,3,1,2,2,9,4,0,10,0,806
-0.06725531544077326,3,1,2,4,2,4,0,10,54,807
-0.8036273823105538,3,1,2,4,2,4,2,7,16,808
-0.698431372757728,3,1,2,4,2,4,2,7,54,809
-0.4880393536520764,3,1,2,1,2,4,0,20,55,810
-0.06725531544077326,3,1,2,1,9,4,0,7,54,811
-0.38284334409925064,3,1,2,1,0,4,0,7,54,812
-0.9088233918633796,3,1,2,10,9,4,2,20,30,813
0.6691167514290073,3,1,2,2,0,4,0,8,54,814
0.24833271321770412,3,1,2,1,0,4,2,7,54,815
-0.8036273823105538,3,1,2,1,2,2,0,20,54,816
-0.698431372757728,3,1,2,4,2,4,2,20,54,817
-0.2776473345464248,3,1,2,4,9,4,0,7,54,818
0.6691167514290073,3,1,2,1,11,4,0,0,54,819
-0.17245132499359905,3,1,1,4,0,4,0,7,54,820
-0.8036273823105538,3,1,2,4,2,4,0,7,54,821
-0.8036273823105538,3,1,2,1,2,4,0,7,54,822
0.3535287227705299,3,1,2,2,0,4,2,7,54,823
-1.0140194014162054,3,1,2,6,7,4,0,20,54,824
-0.4880393536520764,3,1,2,1,2,4,0,14,54,825
0.8795087705346588,3,1,2,0,2,3,0,14,54,826
-0.38284334409925064,3,1,2,1,9,4,0,10,54,827
-0.4880393536520764,3,1,2,1,5,4,2,7,49,828
-0.698431372757728,3,1,1,4,8,4,0,7,54,829
-0.38284334409925064,3,1,2,1,2,4,0,7,54,830
0.774312760981833,3,1,2,1,9,4,0,10,54,831
-0.9088233918633796,3,1,2,1,2,4,0,7,54,832
0.774312760981833,3,0,2,1,5,4,0,7,47,833
1.0899007896403103,3,1,2,0,0,4,0,10,17,834
3.193820980696826,3,1,2,1,5,1,0,12,54,835
0.9847047800874846,3,1,2,1,2,4,0,7,54,836
-1.0140194014162054,3,0,2,2,9,4,2,20,8,837
-0.698431372757728,3,0,1,10,2,0,2,13,55,838
-0.698431372757728,3,1,2,4,2,4,0,7,16,839
-0.4880393536520764,3,1,2,4,0,4,0,10,49,840
-0.38284334409925064,3,1,2,2,2,4,0,10,34,841
-1.119215410969031,3,0,1,2,7,3,0,7,0,842
0.037940694112052524,3,1,2,1,2,3,0,7,54,843
-0.4880393536520764,3,1,2,1,2,3,0,10,0,844
-0.698431372757728,3,1,2,0,7,1,0,7,0,845
-0.8036273823105538,3,1,2,9,0,4,0,7,54,846
-0.38284334409925064,3,1,2,1,2,3,0,7,54,847
0.3535287227705299,3,1,2,2,2,4,0,7,54,848
0.037940694112052524,3,1,2,1,2,3,0,7,30,849
1.1950967991931363,3,1,2,1,7,3,0,27,17,850
-0.4880393536520764,3,1,2,5,9,4,0,1,54,851
0.14313670366487832,3,1,2,1,0,4,0,7,54,852
-0.8036273823105538,3,1,2,2,13,4,0,7,34,853
0.5639207418761815,3,1,2,7,2,4,0,7,54,854
-0.17245132499359905,3,1,2,2,2,4,0,7,55,855
0.037940694112052524,3,1,2,10,2,5,0,10,6,856
1.300292808745962,3,0,2,2,2,4,0,12,0,857
-0.2776473345464248,3,0,2,1,7,4,0,10,34,858
-0.38284334409925064,3,1,2,4,0,4,0,7,0,859
-1.0140194014162054,3,1,2,2,0,4,0,7,34,860
-0.38284334409925064,3,1,2,4,2,4,0,24,54,861
0.4587247323233557,3,1,2,1,9,4,0,10,54,862
-0.5932353632049022,3,1,2,1,5,4,2,20,54,863
-0.38284334409925064,2,0,2,2,12,3,0,7,54,864
2.247056894721394,3,0,2,4,9,4,0,7,54,865
0.774312760981833,3,0,2,2,2,4,0,7,54,866
-0.698431372757728,3,0,2,2,0,3,0,7,0,867
0.037940694112052524,3,0,2,4,7,4,0,10,54,868
-0.38284334409925064,3,1,2,4,2,4,0,7,54,869
-0.8036273823105538,3,1,2,1,2,4,0,20,0,870
-1.0140194014162054,3,1,2,1,2,4,2,20,54,871
0.037940694112052524,3,1,2,1,2,4,0,7,30,872
0.037940694112052524,3,0,2,4,2,4,0,7,30,873
-1.0140194014162054,3,0,2,1,9,2,0,20,17,874
0.3535287227705299,3,1,2,2,2,2,0,7,30,875
-1.3296074300746827,3,0,2,2,2,4,0,27,18,876
-0.17245132499359905,3,0,2,3,2,4,0,10,30,877
0.4587247323233557,3,0,2,2,2,2,0,10,54,878
-0.5932353632049022,3,0,2,10,0,4,0,10,30,879
0.037940694112052524,3,0,2,4,2,4,0,10,54,880
-1.119215410969031,3,0,2,4,0,4,0,7,54,881
1.1950967991931363,3,1,2,1,0,3,0,11,54,882
-0.4880393536520764,3,1,2,1,2,4,0,10,34,883
-0.8036273823105538,3,0,2,4,6,3,0,10,20,884
0.6691167514290073,3,1,1,10,2,4,0,7,54,885
-0.06725531544077326,2,1,2,4,2,4,0,7,54,886
-0.5932353632049022,3,1,2,4,11,4,2,7,54,887
2.7730369424855232,3,1,2,1,2,4,0,7,54,888
-0.698431372757728,3,0,2,4,2,4,0,7,54,889
-0.06725531544077326,3,1,2,1,2,4,0,7,54,890
-0.06725531544077326,3,1,2,4,2,4,2,7,54,891
1.6158808374044393,3,1,2,1,4,4,0,9,54,892
-0.4880393536520764,3,0,2,1,2,4,0,7,54,893
1.4054888182987877,3,0,2,1,2,4,0,7,54,894
0.6691167514290073,3,1,2,1,0,4,0,7,54,895
-0.2776473345464248,3,0,2,10,5,4,0,7,54,896
-0.4880393536520764,3,1,2,1,2,4,0,12,54,897
0.6691167514290073,3,1,2,2,0,4,0,5,0,898
-0.06725531544077326,3,1,2,2,2,4,0,14,54,899
2.7730369424855232,3,1,2,4,2,4,0,7,54,900
-0.4880393536520764,3,0,2,3,7,1,0,13,54,901
0.6691167514290073,3,0,2,1,2,4,0,7,54,902
-0.5932353632049022,3,1,2,2,7,2,1,7,54,903
-0.4880393536520764,3,0,2,1,2,4,0,7,54,904
-0.2776473345464248,3,1,2,4,2,4,0,7,0,905
1.9314688660629167,3,0,2,10,7,4,0,12,54,906
1.0899007896403103,3,0,2,2,2,4,0,14,0,907
-1.224411420521857,3,0,1,10,2,4,0,20,0,908
0.774312760981833,3,1,2,4,9,4,0,10,54,909
-0.4880393536520764,3,0,1,3,0,4,2,20,43,910
2.5626449233798714,3,1,2,1,2,4,0,14,30,911
-0.5932353632049022,3,1,2,9,9,1,0,7,0,912
-0.17245132499359905,3,1,2,1,11,4,2,26,0,913
-1.0140194014162054,3,1,2,10,2,4,0,20,54,914
-1.224411420521857,3,1,2,1,2,2,2,20,54,915
-0.38284334409925064,3,0,2,4,2,4,0,7,54,916
-0.06725531544077326,3,1,2,1,2,2,0,7,54,917
-0.38284334409925064,3,1,2,2,9,4,0,10,54,918
0.9847047800874846,0,1,2,4,9,0,0,7,54,919
0.6691167514290073,0,1,2,1,0,4,2,1,54,920
0.4587247323233557,3,1,2,1,2,1,0,10,49,921
-0.06725531544077326,3,1,2,4,9,3,0,7,0,922
-1.0140194014162054,3,1,2,2,0,4,0,27,17,923
-0.17245132499359905,3,0,2,10,9,3,0,7,54,924
0.774312760981833,3,1,2,1,2,4,0,10,17,925
-0.4880393536520764,3,1,2,2,0,4,2,7,54,926
-1.224411420521857,3,1,2,7,2,1,0,8,32,927
-0.38284334409925064,3,1,1,1,0,4,0,10,54,928
0.24833271321770412,3,1,2,4,2,4,0,9,54,929
0.037940694112052524,3,1,2,1,9,4,2,7,54,930
-0.4880393536520764,3,1,2,1,2,3,0,7,54,931
-0.5932353632049022,3,1,2,4,0,4,0,10,54,932
-0.38284334409925064,3,1,2,4,0,4,0,10,34,933
-0.2776473345464248,3,1,2,4,2,4,0,10,34,934
-0.2776473345464248,3,1,2,6,9,2,2,10,17,935
2.8782329520383487,3,0,2,3,5,4,0,10,49,936
0.5639207418761815,3,1,2,0,2,3,0,7,50,937
-0.9088233918633796,3,1,2,1,0,4,2,7,0,938
-0.4880393536520764,3,0,2,2,2,2,2,20,54,939
0.3535287227705299,3,1,1,2,2,1,2,7,54,940
-0.17245132499359905,3,1,1,4,7,4,0,10,0,941
-0.698431372757728,3,0,2,4,2,4,0,14,54,942
-1.0140194014162054,3,0,2,4,7,4,2,20,54,943
-0.8036273823105538,3,1,2,2,2,2,2,7,54,944
1.0899007896403103,3,0,2,4,2,4,2,7,54,945
-1.224411420521857,3,0,2,2,2,4,0,20,54,946
-0.9088233918633796,3,0,2,2,0,4,0,7,54,947
0.037940694112052524,3,1,2,2,2,4,0,7,54,948
-1.0140194014162054,3,1,1,9,7,4,0,7,54,949
-0.4880393536520764,3,1,2,4,2,4,0,25,0,950
0.24833271321770412,3,0,2,10,9,3,0,7,32,951
0.037940694112052524,3,1,2,2,0,4,0,12,36,952
3.404212999802478,3,1,2,4,6,1,0,14,54,953
-0.2776473345464248,3,0,2,10,2,3,0,10,54,954
1.826272856510091,3,1,2,4,0,4,0,7,54,955
-0.8036273823105538,3,1,2,7,2,4,2,22,54,956
0.6691167514290073,3,1,2,4,2,4,0,7,54,957
-1.119215410969031,3,1,2,4,2,4,0,20,54,958
2.8782329520383487,3,0,2,1,7,4,0,10,54,959
1.9314688660629167,3,1,2,1,7,1,0,7,54,960
0.3535287227705299,3,1,2,1,2,4,0,7,54,961
0.24833271321770412,3,1,2,2,0,3,0,6,0,962
-0.698431372757728,3,1,2,10,2,1,2,7,54,963
-0.698431372757728,3,0,2,4,2,4,0,22,54,964
-1.0140194014162054,3,0,2,2,0,3,0,20,0,965
-0.4880393536520764,3,1,2,1,9,4,0,7,0,966
-0.698431372757728,3,1,2,4,2,4,2,7,54,967
0.14313670366487832,3,1,2,1,0,1,0,7,54,968
-0.5932353632049022,3,0,2,10,2,2,0,9,54,969
0.774312760981833,3,0,1,11,2,1,0,20,54,970
-0.9088233918633796,3,0,2,4,9,4,0,20,54,971
-0.9088233918633796,3,1,2,2,2,3,0,7,54,972
3.0886249711440006,3,1,1,2,2,1,0,27,54,973
-1.0140194014162054,3,0,2,4,9,4,0,20,17,974
1.0899007896403103,3,0,2,1,2,4,0,7,0,975
-0.8036273823105538,3,0,2,3,2,4,2,20,54,976
-1.224411420521857,3,0,2,9,2,1,0,20,0,977
-0.8036273823105538,3,0,2,9,2,2,2,7,0,978
1.721076846957265,3,1,2,2,9,4,0,14,54,979
-0.4880393536520764,3,1,2,2,2,4,0,7,0,980
-0.9088233918633796,3,0,2,10,9,4,0,10,54,981
-1.0140194014162054,3,0,2,2,2,4,0,27,53,982
-1.3296074300746827,3,1,2,1,1,1,0,24,39,983
0.5639207418761815,3,0,2,1,2,3,0,11,49,984
-0.698431372757728,3,1,2,11,9,4,0,7,0,985
0.037940694112052524,3,0,2,2,0,3,0,7,0,986
-0.9088233918633796,3,1,2,2,9,4,0,7,54,987
-0.8036273823105538,3,1,2,1,9,4,0,7,19,988
-1.3296074300746827,3,1,2,4,2,4,0,20,54,989
-1.4348034396275084,3,0,2,2,0,4,0,20,49,990
-0.698431372757728,2,1,2,2,9,4,0,25,54,991
-0.38284334409925064,3,1,2,10,0,4,0,7,54,992
-0.8036273823105538,3,1,1,1,13,1,0,7,54,993
-0.9088233918633796,3,0,2,4,0,4,0,7,0,994
-1.3296074300746827,3,0,2,2,9,3,0,20,54,995
-0.698431372757728,3,1,2,4,0,4,0,10,17,996
-0.698431372757728,3,0,2,10,9,5,2,7,54,997
-0.9088233918633796,3,1,1,10,7,4,0,7,54,998
-0.38284334409925064,3,1,2,1,2,4,0,7,24,999
-0.06725531544077326,3,1,2,2,9,4,2,10,54,1000
1.4054888182987877,3,0,2,1,7,4,0,7,54,1001
-0.06725531544077326,3,0,2,10,2,4,0,25,49,1002
-0.17245132499359905,3,0,2,1,15,4,0,24,54,1003
0.774312760981833,3,0,2,0,3,1,0,12,49,1004
-1.3296074300746827,3,0,2,2,7,4,2,20,54,1005
-1.4348034396275084,3,0,2,10,13,4,2,20,32,1006
0.24833271321770412,3,0,2,4,0,4,0,10,54,1007
-0.2776473345464248,3,1,2,2,0,4,0,12,34,1008
-0.5932353632049022,3,0,2,5,2,4,0,7,49,1009
-0.2776473345464248,3,1,2,4,2,2,2,19,54,1010
1.1950967991931363,3,0,2,2,2,4,0,10,34,1011
-0.8036273823105538,3,1,2,0,9,4,2,20,54,1012
0.24833271321770412,3,1,2,2,2,4,0,7,34,1013
1.1950967991931363,3,0,2,4,2,4,0,7,54,1014
1.0899007896403103,3,1,1,0,9,1,0,14,54,1015
-0.4880393536520764,3,1,2,1,2,4,0,26,54,1016
-0.8036273823105538,3,1,1,4,2,4,0,20,49,1017
0.8795087705346588,3,1,2,4,2,4,0,5,54,1018
-0.9088233918633796,3,1,2,1,2,1,0,20,30,1019
2.0366648756157426,3,1,2,4,2,1,0,1,54,1020
-0.8036273823105538,3,1,1,4,0,4,0,7,54,1021
-0.5932353632049022,3,1,2,4,9,4,2,7,54,1022
-0.4880393536520764,3,1,2,2,2,4,0,7,30,1023
-0.17245132499359905,3,0,2,10,0,4,0,11,39,1024
-0.5932353632049022,3,1,2,0,0,4,2,20,54,1025
2.9834289615911747,3,0,2,2,2,4,0,13,54,1026
-0.8036273823105538,3,1,2,1,2,4,0,24,54,1027
-0.2776473345464248,3,0,2,3,2,4,2,7,32,1028
-1.0140194014162054,1,1,2,1,0,4,0,27,30,1029
-0.8036273823105538,3,1,2,1,2,4,0,7,54,1030
1.0899007896403103,3,1,2,7,2,4,0,7,55,1031
0.3535287227705299,3,1,2,0,9,2,0,10,54,1032
-0.5932353632049022,3,0,2,2,2,4,0,23,54,1033
-1.0140194014162054,3,1,1,10,9,4,0,20,54,1034
-0.698431372757728,3,1,2,1,2,4,2,20,54,1035
0.4587247323233557,0,0,0,2,12,1,0,7,54,1036
0.5639207418761815,3,0,2,4,0,1,0,10,54,1037
0.037940694112052524,3,0,2,4,2,4,0,7,54,1038
-0.06725531544077326,3,1,2,1,2,4,0,9,49,1039
-1.0140194014162054,3,1,2,1,7,4,0,20,34,1040
1.0899007896403103,3,1,2,4,0,4,0,10,34,1041
0.8795087705346588,3,0,2,2,15,4,0,9,54,1042
-0.38284334409925064,3,1,2,4,0,2,2,7,28,1043
-1.0140194014162054,3,1,1,9,2,4,0,7,43,1044
0.5639207418761815,3,1,2,2,2,3,0,8,0,1045
2.6678409329326973,3,1,2,2,13,3,0,8,54,1046
-0.5932353632049022,3,1,1,2,2,2,2,7,54,1047
-0.17245132499359905,3,0,2,10,12,1,0,7,54,1048
-0.17245132499359905,3,1,2,2,2,4,0,10,34,1049
1.0899007896403103,3,1,2,2,13,4,0,14,0,1050
1.5106848278516136,3,0,2,3,2,4,0,7,0,1051
-0.5932353632049022,3,1,2,1,2,4,0,7,0,1052
0.8795087705346588,2,0,2,3,2,4,0,7,54,1053
0.037940694112052524,3,0,2,1,0,4,0,10,0,1054
-0.17245132499359905,3,1,2,4,2,4,0,10,34,1055
-0.4880393536520764,3,1,2,2,15,4,0,20,47,1056
-0.38284334409925064,3,1,2,4,2,4,0,7,54,1057
0.24833271321770412,3,0,2,4,7,4,0,7,54,1058
-0.698431372757728,3,1,2,9,2,4,0,7,54,1059
-0.17245132499359905,3,1,2,2,9,4,0,5,54,1060
-0.2776473345464248,3,0,2,10,7,2,0,10,54,1061
2.0366648756157426,3,0,2,3,8,1,0,10,54,1062
1.1950967991931363,3,1,2,2,2,4,0,7,54,1063
0.14313670366487832,3,1,1,1,2,1,0,7,54,1064
-0.8036273823105538,3,1,2,10,2,3,0,25,34,1065
-0.9088233918633796,3,0,2,2,2,4,0,20,3,1066
0.6691167514290073,3,0,2,4,2,4,0,9,54,1067
3.6146050189081294,3,1,2,10,7,3,0,7,54,1068
-0.06725531544077326,3,1,2,1,9,4,0,7,30,1069
-0.06725531544077326,3,0,1,2,9,4,0,7,13,1070
0.3535287227705299,3,0,2,4,0,2,0,7,54,1071
-0.38284334409925064,0,1,1,2,9,4,2,7,0,1072
0.24833271321770412,3,1,2,1,0,4,0,7,49,1073
0.6691167514290073,3,1,2,0,9,4,0,5,54,1074
-0.4880393536520764,3,1,2,2,0,4,0,7,0,1075
0.24833271321770412,3,0,2,0,2,4,0,8,4,1076
-0.06725531544077326,3,0,2,2,2,2,2,7,54,1077
0.037940694112052524,3,1,2,4,2,4,0,7,54,1078
-0.698431372757728,3,0,2,2,7,4,0,7,54,1079
-0.38284334409925064,3,1,2,4,2,4,0,7,30,1080
-0.698431372757728,3,1,2,1,2,4,0,8,54,1081
-0.17245132499359905,3,1,2,9,2,2,0,7,54,1082
0.14313670366487832,3,1,2,4,7,4,0,10,54,1083
2.4574489138270454,3,0,2,4,2,4,0,10,54,1084
0.9847047800874846,3,1,2,1,2,4,0,10,11,1085
-1.0140194014162054,3,0,0,10,2,4,2,20,14,1086
-1.224411420521857,3,0,2,4,0,2,2,20,54,1087
-1.224411420521857,3,1,1,11,2,4,0,20,30,1088
-0.06725531544077326,3,1,2,4,2,3,0,10,0,1089
0.037940694112052524,3,1,2,4,0,3,0,12,54,1090
-0.9088233918633796,3,1,1,4,2,3,0,20,0,1091
-0.2776473345464248,3,1,2,4,0,4,0,25,0,1092
-0.38284334409925064,3,0,0,0,6,4,2,12,39,1093
0.037940694112052524,3,1,2,0,2,4,0,10,0,1094
-1.0140194014162054,3,0,0,3,13,4,2,20,49,1095
-0.17245132499359905,3,0,2,2,0,4,0,7,54,1096
-1.224411420521857,3,1,2,10,0,4,2,7,54,1097
0.4587247323233557,3,0,1,5,4,3,0,25,39,1098
-0.8036273823105538,3,1,2,1,0,4,2,14,8,1099
2.247056894721394,2,1,2,4,2,4,2,3,54,1100
0.3535287227705299,3,1,2,4,9,4,0,13,54,1101
1.4054888182987877,3,1,1,0,6,1,0,7,54,1102
-0.2776473345464248,3,1,2,4,2,4,0,7,49,1103
0.3535287227705299,3,1,2,2,7,4,2,12,54,1104
-0.8036273823105538,3,1,2,1,0,4,0,10,54,1105
-0.8036273823105538,3,1,2,1,2,4,0,14,50,1106
-0.698431372757728,0,0,0,3,2,4,0,10,54,1107
-0.06725531544077326,3,1,2,4,9,4,0,10,54,1108
0.14313670366487832,3,1,2,1,5,4,0,23,54,1109
-0.9088233918633796,3,1,2,4,9,4,2,10,54,1110
2.141860885168568,3,1,2,4,0,2,0,7,54,1111
-0.698431372757728,3,0,2,5,11,4,0,27,30,1112
-0.06725531544077326,3,1,1,2,2,4,0,12,54,1113
1.1950967991931363,3,0,2,2,2,3,0,10,17,1114
-1.4348034396275084,3,0,2,2,2,3,0,20,54,1115
-0.698431372757728,3,1,2,1,2,4,0,7,54,1116
-1.0140194014162054,3,0,2,1,9,4,0,7,54,1117
-0.5932353632049022,3,0,2,1,2,4,0,7,54,1118
-0.2776473345464248,3,1,1,10,0,4,0,12,54,1119
-0.06725531544077326,3,1,2,4,2,4,0,7,32,1120
-0.4880393536520764,3,1,2,10,5,4,2,7,49,1121
-1.3296074300746827,3,0,2,3,2,1,0,27,30,1122
-0.17245132499359905,3,1,2,1,2,4,0,7,30,1123
-1.119215410969031,3,1,2,2,0,4,2,8,30,1124
0.3535287227705299,3,0,1,0,2,4,2,20,54,1125
0.774312760981833,1,1,0,4,2,4,2,7,54,1126
-1.0140194014162054,3,1,2,1,2,4,2,7,54,1127
-0.698431372757728,3,1,2,1,2,4,0,20,30,1128
0.4587247323233557,3,1,2,1,0,4,0,10,54,1129
-0.698431372757728,3,1,2,2,2,4,0,8,49,1130
1.1950967991931363,3,1,2,1,5,4,0,7,30,1131
-1.0140194014162054,3,0,1,10,12,4,2,20,54,1132
-0.698431372757728,3,1,2,1,2,4,0,20,54,1133
-0.5932353632049022,3,1,2,1,0,2,2,1,54,1134
1.5106848278516136,3,1,2,1,0,4,0,10,33,1135
-0.8036273823105538,3,1,2,4,2,4,0,20,54,1136
0.5639207418761815,3,1,2,7,2,4,0,1,54,1137
-1.0140194014162054,3,0,2,4,2,4,0,20,30,1138
-0.698431372757728,3,1,2,1,2,4,0,10,54,1139
-1.119215410969031,3,1,2,1,0,2,2,23,54,1140
-0.4880393536520764,3,0,0,3,9,5,2,20,17,1141
-0.9088233918633796,3,0,1,2,2,4,2,8,49,1142
-0.8036273823105538,3,0,2,2,2,4,0,7,54,1143
-0.698431372757728,3,0,2,2,9,4,0,7,30,1144
-1.3296074300746827,3,1,2,4,0,1,0,8,30,1145
3.6146050189081294,3,0,2,3,0,1,0,7,54,1146
-0.8036273823105538,3,0,2,10,13,4,0,7,54,1147
-1.3296074300746827,3,1,2,2,2,4,0,27,54,1148
-0.17245132499359905,3,1,2,4,2,4,0,7,30,1149
-1.224411420521857,3,1,2,4,8,4,2,20,9,1150
-1.224411420521857,3,1,2,4,9,3,0,8,54,1151
0.5639207418761815,3,0,2,4,2,4,0,7,54,1152
0.14313670366487832,3,1,2,0,2,4,0,1,54,1153
0.14313670366487832,3,1,2,2,2,4,0,10,54,1154
-1.3296074300746827,3,1,1,4,2,1,0,8,54,1155
0.4587247323233557,3,1,2,1,2,4,0,10,54,1156
-0.5932353632049022,3,1,2,4,2,4,2,7,16,1157
-0.5932353632049022,3,1,2,4,2,2,2,7,17,1158
0.24833271321770412,3,1,1,1,7,4,0,20,30,1159
-0.4880393536520764,3,1,2,4,0,4,0,25,54,1160
-0.2776473345464248,3,1,2,1,9,4,0,20,54,1161
0.24833271321770412,3,1,2,4,9,4,0,10,54,1162
1.0899007896403103,3,1,2,4,2,2,0,10,54,1163
-0.38284334409925064,3,1,2,2,9,4,0,12,54,1164
-0.06725531544077326,3,1,2,4,2,4,0,7,34,1165
1.300292808745962,3,1,2,2,13,4,0,10,54,1166
-0.06725531544077326,3,1,2,1,2,4,2,7,54,1167
0.9847047800874846,3,1,2,4,2,4,0,7,30,1168
-0.06725531544077326,3,1,2,0,9,1,2,2,54,1169
0.14313670366487832,3,1,2,1,9,4,0,8,31,1170
-0.4880393536520764,3,1,2,1,2,4,0,7,54,1171
0.3535287227705299,3,1,2,4,0,4,0,10,54,1172
-0.2776473345464248,3,1,2,1,2,4,0,14,49,1173
0.24833271321770412,3,0,2,10,0,2,0,0,54,1174
-0.9088233918633796,3,1,2,8,7,3,0,27,0,1175
-1.0140194014162054,3,1,2,2,9,4,0,7,54,1176
-1.0140194014162054,3,1,2,2,2,4,0,20,30,1177
-0.5932353632049022,3,0,2,2,2,4,0,7,54,1178
0.14313670366487832,3,1,2,1,2,4,0,7,30,1179
-0.5932353632049022,3,0,2,10,2,4,0,10,0,1180
-0.8036273823105538,3,0,2,2,2,4,0,27,32,1181
-1.0140194014162054,3,1,2,1,3,3,0,20,39,1182
-0.698431372757728,3,0,2,3,2,4,0,7,54,1183
-0.5932353632049022,3,1,2,1,2,4,0,23,1,1184
-0.9088233918633796,3,0,2,4,2,4,0,7,0,1185
-0.2776473345464248,3,0,2,9,0,4,0,23,54,1186
-0.38284334409925064,3,0,2,2,0,4,0,7,54,1187
-0.06725531544077326,3,0,2,0,2,0,0,7,37,1188
-1.0140194014162054,3,0,0,2,2,4,2,27,54,1189
-0.2776473345464248,3,0,0,1,2,3,2,20,32,1190
0.3535287227705299,3,0,2,3,11,2,0,7,54,1191
-1.3296074300746827,3,0,2,3,7,4,0,20,54,1192
0.037940694112052524,3,0,2,2,0,1,0,7,54,1193
-0.9088233918633796,3,0,1,4,2,2,0,20,54,1194
-0.9088233918633796,3,0,2,3,2,4,0,10,54,1195
0.24833271321770412,3,1,1,2,9,4,0,20,54,1196
-0.17245132499359905,3,0,0,4,9,4,2,7,15,1197
-1.3296074300746827,3,0,0,2,0,5,2,0,54,1198
-0.5932353632049022,3,1,2,0,9,4,0,5,44,1199
1.300292808745962,3,1,2,7,2,4,0,7,17,1200
-1.119215410969031,3,0,0,1,2,4,0,20,17,1201
0.774312760981833,3,0,2,3,0,1,0,27,54,1202
3.9301930475666067,3,1,2,0,2,3,0,8,54,1203
-0.698431372757728,3,0,2,0,2,4,2,8,30,1204
-0.2776473345464248,1,0,2,2,7,4,0,7,54,1205
-1.119215410969031,3,0,2,2,0,3,0,20,54,1206
-0.9088233918633796,3,0,2,4,2,1,0,20,0,1207
-0.2776473345464248,3,0,2,4,2,1,0,7,54,1208
-0.06725531544077326,3,0,2,4,7,4,0,7,54,1209
-1.0140194014162054,3,0,2,2,0,4,2,7,54,1210
-0.9088233918633796,3,0,2,2,2,4,0,7,0,1211
0.037940694112052524,3,0,2,3,2,4,0,7,54,1212
2.9834289615911747,3,0,2,4,7,4,0,7,54,1213
-0.38284334409925064,3,0,2,1,6,4,0,13,54,1214
-0.06725531544077326,3,0,2,10,0,4,0,7,54,1215
2.9834289615911747,3,0,2,2,2,4,0,7,54,1216
-0.06725531544077326,3,0,2,10,2,4,0,11,30,1217
-0.5932353632049022,3,0,2,2,0,4,0,20,54,1218
2.4574489138270454,3,0,2,4,2,4,0,7,54,1219
1.5106848278516136,3,1,2,1,2,2,0,7,54,1220
-0.5932353632049022,3,1,2,1,5,4,0,10,0,1221
2.7730369424855232,3,0,2,1,2,4,0,10,54,1222
0.8795087705346588,0,1,2,2,15,2,0,7,17,1223
-1.4348034396275084,3,1,1,3,2,4,0,21,19,1224
0.8795087705346588,3,0,2,5,2,2,0,7,54,1225
0.24833271321770412,3,1,2,1,0,3,0,19,17,1226
0.8795087705346588,3,1,2,1,2,4,0,10,54,1227
-0.5932353632049022,3,1,2,1,9,1,0,10,34,1228
1.5106848278516136,3,1,2,2,2,3,0,10,0,1229
-0.8036273823105538,3,1,2,1,2,4,0,7,11,1230
0.24833271321770412,3,0,2,1,2,4,0,1,29,1231
2.6678409329326973,3,1,2,2,15,4,0,10,54,1232
-0.2776473345464248,3,1,2,1,2,4,0,8,30,1233
1.826272856510091,3,0,1,2,2,4,0,23,17,1234
1.300292808745962,3,0,0,5,9,3,0,20,54,1235
-0.8036273823105538,3,0,2,2,9,4,0,5,54,1236
-0.06725531544077326,3,0,2,4,2,4,0,7,54,1237
-0.17245132499359905,3,0,2,5,2,4,0,20,32,1238
-0.17245132499359905,3,0,2,1,6,4,0,7,54,1239
-0.8036273823105538,3,0,2,2,13,4,2,7,54,1240
-0.8036273823105538,3,0,0,3,2,4,0,20,32,1241
-0.9088233918633796,3,0,0,2,7,4,2,7,54,1242
-0.06725531544077326,3,0,2,0,2,4,0,7,54,1243
-0.2776473345464248,3,0,2,1,0,4,0,11,54,1244
1.1950967991931363,3,1,2,2,2,4,0,10,54,1245
-0.06725531544077326,3,0,2,4,2,4,0,12,54,1246
-0.8036273823105538,3,0,0,4,0,4,0,20,54,1247
-1.224411420521857,3,0,2,5,0,4,0,20,32,1248
-1.3296074300746827,3,0,2,9,2,4,0,20,54,1249
0.037940694112052524,3,0,2,1,2,3,0,25,54,1250
-1.119215410969031,3,0,2,4,2,2,0,7,54,1251
-0.698431372757728,3,0,1,6,9,2,2,10,0,1252
-0.698431372757728,3,0,2,1,2,4,0,7,54,1253
-0.38284334409925064,3,1,1,4,0,4,0,16,0,1254
0.4587247323233557,3,1,2,2,0,1,0,10,54,1255
-0.9088233918633796,3,1,2,9,2,4,2,7,54,1256
-0.2776473345464248,3,0,0,4,2,2,0,10,54,1257
-0.38284334409925064,3,0,2,2,2,3,0,7,0,1258
-0.4880393536520764,3,0,2,0,2,4,2,7,54,1259
-1.119215410969031,2,0,0,3,0,4,0,8,54,1260
-1.3296074300746827,3,1,2,10,0,4,0,20,53,1261
0.8795087705346588,3,0,2,2,2,3,0,7,17,1262
-0.38284334409925064,3,0,2,4,7,4,0,24,36,1263
-0.698431372757728,3,0,2,4,2,4,0,7,54,1264
0.14313670366487832,3,0,2,2,0,4,0,10,54,1265
-0.2776473345464248,3,0,2,10,7,4,0,10,54,1266
-1.119215410969031,3,0,2,1,13,4,2,20,49,1267
0.9847047800874846,3,1,2,10,0,4,0,19,53,1268
-0.38284334409925064,3,0,2,2,2,4,0,7,54,1269
1.6158808374044393,3,0,2,4,2,2,0,7,54,1270
-0.9088233918633796,3,0,2,2,2,4,0,7,16,1271
1.4054888182987877,3,1,2,1,2,4,0,10,54,1272
-0.4880393536520764,3,1,2,10,0,4,0,0,54,1273
-0.698431372757728,3,0,2,9,9,2,0,7,55,1274
0.6691167514290073,3,1,2,2,2,4,0,12,0,1275
-0.4880393536520764,3,1,2,10,0,4,0,7,54,1276
0.037940694112052524,3,1,2,4,7,4,0,7,54,1277
-0.2776473345464248,3,0,2,4,2,4,0,7,54,1278
-0.38284334409925064,3,1,2,1,2,4,0,10,16,1279
0.4587247323233557,3,0,2,3,2,4,0,7,54,1280
0.4587247323233557,3,0,2,5,2,3,0,7,0,1281
0.14313670366487832,3,0,2,1,2,4,0,7,0,1282
2.9834289615911747,3,1,2,4,7,3,0,12,54,1283
1.5106848278516136,3,0,2,1,7,4,0,7,54,1284
-0.8036273823105538,3,1,2,2,2,4,0,10,54,1285
-0.38284334409925064,3,1,2,4,2,4,0,10,54,1286
-0.9088233918633796,3,1,2,1,0,4,2,7,30,1287
0.774312760981833,3,1,2,1,13,4,0,11,7,1288
-0.698431372757728,3,1,2,1,2,2,0,10,32,1289
-0.2776473345464248,3,1,0,9,0,4,0,7,54,1290
-0.8036273823105538,3,0,2,2,2,4,0,7,54,1291
-0.5932353632049022,3,1,2,4,2,4,0,7,54,1292
-1.119215410969031,0,1,2,2,2,4,1,8,28,1293
-0.5932353632049022,3,1,2,0,9,3,0,18,54,1294
-1.119215410969031,3,1,2,9,9,4,0,7,22,1295
-0.17245132499359905,3,1,2,4,0,4,0,7,54,1296
3.6146050189081294,3,0,2,5,0,4,0,10,54,1297
-0.9088233918633796,3,1,2,0,2,4,0,7,32,1298
1.300292808745962,3,0,2,4,2,4,0,7,0,1299
0.8795087705346588,3,1,2,2,2,4,0,7,17,1300
-0.17245132499359905,3,1,2,7,0,2,0,5,0,1301
-0.17245132499359905,3,1,2,1,9,4,0,7,30,1302
-0.5932353632049022,3,1,2,4,9,4,0,10,34,1303
0.037940694112052524,3,0,2,2,9,4,0,10,0,1304
-0.38284334409925064,3,0,2,3,15,2,2,20,54,1305
0.6691167514290073,3,1,2,4,0,4,0,23,54,1306
0.6691167514290073,3,0,2,3,2,3,0,10,54,1307
-1.0140194014162054,3,1,2,1,2,4,0,7,39,1308
-0.06725531544077326,3,1,2,4,11,4,0,7,54,1309
0.9847047800874846,3,1,2,4,2,4,0,7,54,1310
-1.0140194014162054,2,0,2,3,9,4,0,1,28,1311
1.826272856510091,3,0,1,3,2,1,0,7,54,1312
-0.06725531544077326,3,0,2,2,0,4,0,7,54,1313
-0.17245132499359905,3,1,2,4,0,4,0,7,54,1314
-0.5932353632049022,2,1,2,1,3,4,2,25,49,1315
1.721076846957265,3,0,2,3,2,4,0,7,54,1316
-0.9088233918633796,3,0,2,2,2,4,0,27,43,1317
0.4587247323233557,3,1,2,1,7,4,0,7,39,1318
0.9847047800874846,3,1,2,4,0,4,0,7,55,1319
0.4587247323233557,2,0,2,3,2,3,0,14,55,1320
2.5626449233798714,3,0,2,2,2,4,0,10,54,1321
-0.17245132499359905,3,1,2,1,5,4,0,7,54,1322
-0.8036273823105538,3,1,2,4,2,4,0,23,54,1323
-0.17245132499359905,3,0,2,10,2,4,0,10,54,1324
-0.2776473345464248,3,0,2,2,7,4,0,9,0,1325
0.3535287227705299,3,0,2,4,2,4,0,7,54,1326
-0.4880393536520764,3,1,2,1,2,4,0,10,0,1327
-0.8036273823105538,3,0,2,2,2,4,0,7,0,1328
-0.698431372757728,3,0,2,2,13,4,0,10,54,1329
-0.4880393536520764,3,1,2,1,3,1,0,7,17,1330
-0.698431372757728,3,1,2,2,2,4,2,14,54,1331
0.5639207418761815,3,1,2,1,2,4,0,7,54,1332
-0.698431372757728,3,1,1,10,9,2,0,7,54,1333
-0.06725531544077326,3,0,2,4,5,4,0,7,54,1334
-0.17245132499359905,3,0,2,0,2,3,0,1,32,1335
-0.698431372757728,3,0,2,9,7,4,0,7,54,1336
-0.2776473345464248,3,0,2,5,9,4,0,7,30,1337
-0.17245132499359905,3,0,2,4,2,4,0,7,30,1338
-0.38284334409925064,2,0,2,9,0,4,0,10,0,1339
-0.9088233918633796,3,0,2,4,2,4,0,7,54,1340
-1.224411420521857,3,0,0,3,7,4,0,20,46,1341
-1.0140194014162054,3,0,2,0,2,4,0,20,54,1342
0.4587247323233557,3,0,2,5,9,4,2,7,54,1343
-1.3296074300746827,3,0,2,4,0,1,0,20,54,1344
-0.4880393536520764,3,0,2,4,2,4,0,13,54,1345
-0.9088233918633796,3,0,2,2,3,4,2,23,17,1346
0.037940694112052524,3,1,2,10,2,4,0,14,54,1347
0.037940694112052524,3,1,2,1,2,4,0,10,54,1348
1.300292808745962,3,0,2,10,9,1,0,5,17,1349
1.1950967991931363,3,0,2,3,2,3,0,10,17,1350
-0.17245132499359905,3,0,2,4,7,4,0,7,54,1351
-1.4348034396275084,3,1,2,2,0,4,0,20,0,1352
-0.4880393536520764,3,1,2,4,9,2,0,7,0,1353
-0.5932353632049022,3,0,2,2,0,4,0,23,32,1354
0.9847047800874846,3,0,1,0,2,2,2,20,21,1355
0.4587247323233557,3,0,2,2,0,4,0,7,54,1356
1.0899007896403103,3,0,2,3,2,4,0,26,11,1357
-0.9088233918633796,3,1,1,2,9,2,1,20,54,1358
-0.698431372757728,3,0,0,2,2,4,2,8,54,1359
-0.06725531544077326,3,0,0,5,9,4,2,10,32,1360
-0.5932353632049022,3,0,2,3,2,4,2,10,54,1361
-0.06725531544077326,3,0,2,2,2,4,2,5,54,1362
-0.17245132499359905,3,1,2,9,2,4,2,7,0,1363
-0.4880393536520764,3,0,2,4,15,4,0,7,54,1364
-0.38284334409925064,3,0,2,10,2,4,0,9,10,1365
0.14313670366487832,3,0,1,10,5,4,2,7,30,1366
0.24833271321770412,3,1,1,1,2,4,0,10,54,1367
-0.4880393536520764,3,1,2,4,2,4,0,7,54,1368
2.247056894721394,3,1,2,4,7,4,0,13,54,1369
-0.38284334409925064,3,1,2,4,2,4,0,7,30,1370
0.24833271321770412,3,0,2,1,2,2,0,7,54,1371
-0.5932353632049022,3,0,2,4,2,4,0,10,54,1372
-0.8036273823105538,3,0,2,2,9,2,0,7,55,1373
-1.119215410969031,3,1,1,2,2,1,0,20,54,1374
0.3535287227705299,3,0,2,3,2,4,0,9,54,1375
0.24833271321770412,3,0,2,2,2,4,2,7,54,1376
-0.4880393536520764,3,1,2,1,0,4,0,7,30,1377
-1.119215410969031,3,0,2,4,9,4,0,0,54,1378
-0.06725531544077326,3,1,2,4,2,4,0,10,35,1379
-0.8036273823105538,3,0,2,3,2,2,0,7,30,1380
1.4054888182987877,3,0,2,10,0,4,0,12,54,1381
-1.119215410969031,3,0,0,9,9,1,0,20,0,1382
1.9314688660629167,3,1,2,1,15,4,0,7,49,1383
0.4587247323233557,3,1,2,4,3,4,0,8,49,1384
-0.17245132499359905,3,0,2,4,2,4,0,7,54,1385
-0.698431372757728,3,1,2,4,2,4,0,22,39,1386
-0.5932353632049022,3,1,2,1,2,4,0,7,49,1387
-0.8036273823105538,3,1,2,4,2,4,0,7,54,1388
-1.3296074300746827,3,1,1,9,2,4,0,20,48,1389
-0.2776473345464248,3,1,1,4,9,4,0,7,54,1390
0.14313670366487832,3,1,2,1,2,4,0,10,34,1391
0.037940694112052524,3,0,2,10,2,4,0,7,54,1392
-0.06725531544077326,3,1,2,4,9,4,0,25,34,1393
-0.698431372757728,3,0,2,1,2,2,0,7,54,1394
1.300292808745962,3,1,2,2,2,1,0,10,54,1395
-1.0140194014162054,3,0,2,1,9,3,0,23,33,1396
2.8782329520383487,3,1,2,1,2,4,2,8,54,1397
0.8795087705346588,3,1,2,4,2,1,0,7,54,1398
-0.06725531544077326,3,1,2,6,2,4,0,10,54,1399
-0.17245132499359905,0,1,1,9,9,3,0,12,0,1400
0.8795087705346588,3,1,0,4,7,3,2,7,0,1401
0.5639207418761815,3,1,2,2,2,4,0,10,54,1402
-0.698431372757728,3,1,2,1,10,1,0,14,39,1403
-0.17245132499359905,3,1,2,4,9,2,0,7,54,1404
-0.2776473345464248,3,0,2,2,2,3,0,14,30,1405
-0.38284334409925064,3,0,2,2,2,4,0,7,54,1406
0.4587247323233557,3,1,1,1,2,4,0,7,54,1407
-1.4348034396275084,3,0,0,2,2,4,2,8,54,1408
-0.9088233918633796,3,0,2,10,0,4,0,0,0,1409
0.037940694112052524,3,0,2,2,2,4,0,23,32,1410
-0.8036273823105538,3,1,2,2,2,1,0,7,54,1411
0.037940694112052524,3,0,2,1,2,4,0,10,54,1412
-0.38284334409925064,3,1,0,2,2,4,0,12,54,1413
-0.9088233918633796,3,0,2,4,2,4,0,7,54,1414
0.9847047800874846,3,1,2,4,0,4,0,10,54,1415
1.721076846957265,3,0,2,3,2,4,0,10,54,1416
0.24833271321770412,3,0,0,4,7,4,0,7,54,1417
-0.8036273823105538,3,0,2,4,13,5,0,8,41,1418
0.24833271321770412,3,0,2,4,0,3,0,1,0,1419
1.1950967991931363,3,0,2,2,0,4,0,10,54,1420
0.4587247323233557,3,1,2,2,2,1,0,10,54,1421
-0.698431372757728,3,1,1,1,9,4,0,7,54,1422
-0.9088233918633796,3,0,2,2,2,4,0,20,17,1423
0.6691167514290073,3,0,2,9,0,4,2,10,54,1424
-0.2776473345464248,3,0,2,10,2,3,0,7,54,1425
0.4587247323233557,3,0,2,1,2,4,0,10,0,1426
1.0899007896403103,3,0,2,0,0,3,0,7,54,1427
-0.698431372757728,3,0,2,4,13,2,1,7,54,1428
0.774312760981833,3,0,2,3,7,4,0,10,54,1429
0.24833271321770412,3,0,2,10,2,2,2,10,54,1430
-0.9088233918633796,3,0,2,2,2,2,2,7,54,1431
-0.5932353632049022,3,0,2,10,2,2,0,7,54,1432
-0.5932353632049022,3,0,2,3,2,4,0,7,5,1433
-0.4880393536520764,2,0,2,3,7,4,0,25,54,1434
0.037940694112052524,3,1,1,2,9,4,0,12,39,1435
0.5639207418761815,3,1,2,4,9,1,0,10,54,1436
0.3535287227705299,3,0,2,2,2,4,0,10,54,1437
-0.4880393536520764,3,0,2,10,7,4,2,7,17,1438
1.9314688660629167,3,0,2,0,13,3,0,10,54,1439
0.8795087705346588,3,1,2,1,2,4,0,12,54,1440
-0.8036273823105538,3,0,2,0,2,4,0,27,30,1441
-1.0140194014162054,3,1,2,1,8,4,0,20,16,1442
-1.4348034396275084,3,0,1,2,2,1,0,21,54,1443
0.037940694112052524,3,0,2,3,2,2,0,10,54,1444
-0.38284334409925064,3,1,2,4,9,4,2,7,54,1445
-0.2776473345464248,3,1,2,4,7,4,2,7,55,1446
0.9847047800874846,3,1,2,4,7,4,0,26,54,1447
-0.17245132499359905,3,1,2,4,9,4,2,10,36,1448
2.8782329520383487,3,0,2,4,2,1,0,7,54,1449
2.6678409329326973,3,0,2,4,7,4,0,7,54,1450
0.3535287227705299,3,1,2,9,7,4,0,10,54,1451
-1.0140194014162054,2,0,0,10,9,4,0,20,54,1452
-0.698431372757728,3,1,2,1,5,4,0,14,52,1453
-0.8036273823105538,3,1,2,0,0,4,2,1,54,1454
-0.5932353632049022,3,0,2,1,0,4,0,7,54,1455
-0.5932353632049022,3,0,2,4,2,4,0,7,54,1456
1.1950967991931363,3,0,2,10,2,4,0,7,54,1457
-0.9088233918633796,3,0,2,4,2,4,2,7,54,1458
-0.17245132499359905,1,0,2,10,0,4,0,7,54,1459
-0.9088233918633796,2,1,2,2,2,3,0,7,43,1460
0.24833271321770412,3,1,2,2,2,4,0,10,0,1461
-0.698431372757728,3,1,2,4,0,4,0,25,54,1462
-0.698431372757728,3,1,2,4,2,4,0,7,54,1463
-0.4880393536520764,3,0,2,4,13,4,0,9,54,1464
-0.4880393536520764,3,1,2,4,2,4,2,24,39,1465
-0.5932353632049022,3,0,2,2,2,1,0,10,54,1466
-1.0140194014162054,3,1,0,1,9,4,2,23,25,1467
1.721076846957265,3,0,2,4,7,4,0,20,30,1468
-0.2776473345464248,3,1,2,2,0,2,2,7,0,1469
-0.38284334409925064,3,1,2,4,2,5,2,7,54,1470
-0.5932353632049022,3,1,2,2,2,4,0,7,54,1471
-0.9088233918633796,3,1,2,1,2,4,0,20,54,1472
-0.698431372757728,3,1,2,2,2,3,0,10,54,1473
0.24833271321770412,3,0,1,2,2,4,0,7,54,1474
-0.8036273823105538,3,0,0,3,2,4,2,7,54,1475
-0.38284334409925064,3,0,2,1,7,3,0,7,17,1476
-0.4880393536520764,3,0,2,2,9,4,2,7,54,1477
2.5626449233798714,3,1,2,4,7,4,0,10,54,1478
-0.5932353632049022,3,1,2,1,0,4,0,17,54,1479
2.5626449233798714,3,0,2,2,2,4,0,7,54,1480
0.14313670366487832,3,1,2,10,0,4,0,10,54,1481
-0.06725531544077326,3,1,2,4,2,4,2,7,30,1482
0.037940694112052524,3,0,2,1,8,4,0,23,31,1483
1.721076846957265,3,0,2,2,2,4,0,9,54,1484
0.24833271321770412,3,0,2,4,15,4,0,10,54,1485
-0.38284334409925064,3,1,2,10,0,4,0,25,54,1486
2.6678409329326973,3,0,2,10,0,4,0,10,54,1487
-0.06725531544077326,3,1,2,4,0,4,0,10,54,1488
0.6691167514290073,3,0,2,3,2,4,0,7,54,1489
0.24833271321770412,3,0,2,5,2,3,0,7,17,1490
-0.06725531544077326,3,1,2,4,15,4,0,25,54,1491
-0.2776473345464248,3,1,2,2,7,4,0,7,0,1492
0.037940694112052524,3,1,2,4,2,4,0,14,30,1493
0.3535287227705299,3,1,2,2,2,1,0,7,30,1494
-1.224411420521857,3,1,2,0,5,4,2,20,30,1495
-1.0140194014162054,3,1,1,10,2,3,0,7,33,1496
0.4587247323233557,3,1,2,0,9,4,0,7,16,1497
-0.4880393536520764,3,1,2,4,2,4,0,7,54,1498
-0.2776473345464248,3,1,2,4,2,4,0,8,54,1499
-0.5932353632049022,3,1,2,1,2,4,2,7,54,1500
-0.4880393536520764,3,1,2,1,9,4,0,23,54,1501
-0.2776473345464248,3,1,2,1,0,4,0,20,30,1502
-0.4880393536520764,3,1,2,4,7,4,2,7,54,1503
-1.119215410969031,3,1,2,2,2,3,2,20,42,1504
-0.5932353632049022,3,1,2,2,2,3,0,27,54,1505
-0.5932353632049022,3,1,2,2,9,3,0,7,54,1506
-0.2776473345464248,3,1,1,10,9,0,0,9,54,1507
-0.2776473345464248,3,1,2,2,7,2,2,12,54,1508
-1.224411420521857,3,1,2,1,2,4,0,20,54,1509
-1.3296074300746827,3,1,0,2,2,5,0,21,54,1510
-0.38284334409925064,3,1,2,2,0,4,0,10,54,1511
-0.8036273823105538,3,1,2,2,13,2,2,20,16,1512
0.14313670366487832,3,1,2,4,7,4,0,7,54,1513
-0.9088233918633796,3,1,2,9,2,2,0,20,54,1514
0.037940694112052524,3,1,2,2,0,4,0,7,0,1515
-0.4880393536520764,3,1,2,1,2,4,0,7,0,1516
-0.17245132499359905,2,1,2,4,0,1,0,7,54,1517
-1.0140194014162054,3,1,2,4,2,4,0,20,54,1518
-0.06725531544077326,2,0,0,10,11,4,2,10,54,1519
-1.119215410969031,3,1,1,2,11,4,1,20,47,1520
-0.17245132499359905,3,0,2,2,2,4,0,7,0,1521
-0.38284334409925064,3,1,2,1,2,2,2,7,54,1522
0.774312760981833,3,1,2,2,2,4,0,10,54,1523
3.193820980696826,3,1,2,1,0,4,0,10,54,1524
-0.38284334409925064,3,1,2,4,9,4,0,12,54,1525
-0.5932353632049022,3,1,2,2,0,4,0,20,54,1526
-0.17245132499359905,3,1,2,1,0,4,2,20,54,1527
-0.17245132499359905,3,1,2,0,2,4,0,12,54,1528
0.8795087705346588,3,1,1,1,2,4,0,7,54,1529
0.14313670366487832,3,1,2,2,2,4,0,20,0,1530
-1.224411420521857,3,1,2,4,0,4,0,20,0,1531
3.0886249711440006,3,1,2,4,2,4,0,10,54,1532
2.141860885168568,3,1,2,1,2,4,0,10,54,1533
1.1950967991931363,3,1,2,2,2,1,0,14,0,1534
-0.4880393536520764,3,1,2,1,2,4,0,7,54,1535
-0.4880393536520764,3,1,2,1,0,4,0,7,0,1536
-0.17245132499359905,3,1,2,2,2,4,2,8,0,1537
-0.4880393536520764,0,1,2,11,2,1,0,7,49,1538
-0.4880393536520764,3,0,2,3,2,4,0,20,39,1539
-0.8036273823105538,3,1,0,1,9,4,2,20,32,1540
0.14313670366487832,3,0,2,8,2,3,2,8,54,1541
-0.06725531544077326,0,1,2,9,9,2,2,7,54,1542
0.9847047800874846,3,0,2,3,0,4,0,7,54,1543
-0.38284334409925064,3,1,2,1,2,4,0,10,54,1544
0.24833271321770412,3,0,2,3,2,3,0,23,54,1545
0.037940694112052524,3,1,2,2,2,4,0,7,0,1546
-0.698431372757728,3,0,2,2,0,4,0,0,54,1547
0.5639207418761815,3,0,2,4,7,4,2,7,54,1548
-0.9088233918633796,2,1,2,10,0,3,0,7,54,1549
-0.9088233918633796,3,0,2,2,0,3,0,7,0,1550
1.4054888182987877,3,0,2,2,7,4,0,9,54,1551
-0.8036273823105538,2,0,2,2,2,4,0,20,54,1552
-0.698431372757728,3,1,2,10,2,2,1,7,0,1553
-0.06725531544077326,3,0,2,10,2,4,0,7,54,1554
1.0899007896403103,3,0,0,2,2,4,0,7,54,1555
1.300292808745962,3,0,2,5,0,4,0,7,17,1556
0.037940694112052524,3,0,2,5,2,3,0,10,0,1557
-0.9088233918633796,3,0,2,10,2,4,0,20,30,1558
0.9847047800874846,3,1,2,1,0,4,0,7,50,1559
0.037940694112052524,3,0,2,3,2,4,0,14,54,1560
1.1950967991931363,3,0,2,10,13,1,0,10,54,1561
-1.3296074300746827,3,0,2,4,2,3,0,20,26,1562
0.8795087705346588,3,0,2,10,2,4,0,7,0,1563
0.4587247323233557,3,0,2,2,0,4,0,7,54,1564
0.3535287227705299,3,1,2,3,2,1,0,8,54,1565
-0.9088233918633796,3,0,2,2,2,3,0,7,0,1566
0.9847047800874846,3,0,2,4,2,4,0,10,54,1567
-0.5932353632049022,3,0,2,2,2,4,0,7,0,1568
2.0366648756157426,3,1,2,2,9,4,0,12,54,1569
-0.38284334409925064,3,0,2,2,2,4,0,20,0,1570
-1.3296074300746827,3,0,2,5,2,3,0,20,30,1571
0.774312760981833,3,0,1,2,8,4,0,14,30,1572
-0.2776473345464248,3,0,2,3,2,4,0,10,30,1573
-0.5932353632049022,3,0,2,2,2,4,0,7,34,1574
-1.0140194014162054,3,0,0,2,2,4,0,25,0,1575
-1.0140194014162054,3,1,2,1,6,4,0,20,54,1576
0.14313670366487832,3,1,2,1,0,4,2,20,55,1577
0.3535287227705299,3,1,2,1,7,2,2,7,55,1578
3.6146050189081294,1,1,2,2,2,4,0,10,54,1579
-0.4880393536520764,3,0,2,4,0,4,0,7,49,1580
-0.4880393536520764,3,0,2,3,11,3,0,23,17,1581
-0.38284334409925064,3,0,2,4,2,4,0,7,54,1582
0.4587247323233557,3,0,2,4,8,4,0,7,54,1583
0.5639207418761815,3,1,2,10,15,3,0,10,37,1584
-0.698431372757728,3,1,2,2,9,2,2,27,49,1585
-0.17245132499359905,3,1,2,2,2,4,0,10,54,1586
-0.17245132499359905,3,1,2,4,2,3,0,7,0,1587
-0.4880393536520764,3,0,0,10,0,1,1,7,54,1588
0.037940694112052524,3,1,2,4,2,4,0,7,54,1589
-0.06725531544077326,3,1,2,2,2,3,0,7,54,1590
-0.17245132499359905,3,1,2,4,2,4,0,7,54,1591
-0.4880393536520764,3,1,2,0,0,4,0,7,30,1592
0.3535287227705299,3,1,2,1,2,4,0,10,54,1593
-1.119215410969031,3,1,2,2,2,4,0,20,0,1594
-0.2776473345464248,3,0,2,1,2,4,0,7,0,1595
-0.9088233918633796,3,0,2,10,0,4,0,7,0,1596
-0.9088233918633796,3,0,2,0,9,4,0,20,0,1597
-0.2776473345464248,3,0,1,3,0,4,2,23,30,1598
0.3535287227705299,3,0,2,4,2,4,0,7,34,1599
-0.38284334409925064,3,0,2,2,2,4,0,14,32,1600
-0.8036273823105538,3,1,2,1,0,4,2,7,0,1601
-0.2776473345464248,3,1,2,2,9,2,2,7,47,1602
3.5094090093553034,3,0,2,4,2,2,0,1,54,1603
-0.38284334409925064,3,0,2,1,5,2,2,7,49,1604
-0.17245132499359905,3,0,2,4,2,4,0,7,49,1605
0.8795087705346588,3,0,2,1,2,4,0,7,54,1606
0.14313670366487832,3,0,2,5,5,4,0,8,30,1607
-0.698431372757728,3,0,2,2,0,3,0,22,0,1608
-0.2776473345464248,3,0,2,2,2,4,0,7,54,1609
-0.698431372757728,3,0,2,2,2,3,0,14,54,1610
-0.06725531544077326,3,0,2,4,2,4,0,10,54,1611
-0.698431372757728,0,0,2,9,2,3,0,7,0,1612
-0.5932353632049022,3,0,2,2,0,4,0,11,54,1613
-0.17245132499359905,3,0,2,3,2,4,0,10,30,1614
0.4587247323233557,3,0,2,2,2,4,0,10,32,1615
-0.698431372757728,3,0,2,3,2,4,0,7,54,1616
-0.8036273823105538,3,1,2,2,7,4,2,7,54,1617
-0.38284334409925064,3,0,2,0,0,2,2,7,0,1618
-0.9088233918633796,3,0,2,5,2,1,0,27,54,1619
3.299016990249652,3,0,2,2,2,4,0,10,54,1620
0.14313670366487832,3,0,2,10,0,4,0,10,54,1621
0.774312760981833,3,0,2,4,0,4,0,7,54,1622
1.1950967991931363,3,0,2,2,9,4,0,7,54,1623
3.8249970380137808,3,0,2,4,0,3,0,9,54,1624
1.4054888182987877,3,0,2,1,2,4,0,7,16,1625
0.037940694112052524,3,0,2,0,2,4,0,10,0,1626
1.300292808745962,3,0,0,2,0,4,0,12,54,1627
-0.2776473345464248,3,0,2,10,15,4,0,11,54,1628
-0.2776473345464248,3,0,2,5,2,4,0,7,54,1629
0.037940694112052524,3,0,2,3,7,4,0,7,49,1630
1.0899007896403103,3,0,2,4,7,4,0,10,54,1631
-0.698431372757728,3,0,2,9,2,3,0,7,54,1632
1.9314688660629167,3,0,2,1,0,4,0,9,54,1633
-1.0140194014162054,3,1,2,4,2,4,0,27,17,1634
-0.2776473345464248,3,0,2,1,0,4,0,10,54,1635
-1.0140194014162054,3,0,1,1,9,4,2,20,54,1636
-0.2776473345464248,3,1,2,1,2,4,0,1,54,1637
-0.8036273823105538,3,1,2,1,9,4,2,7,11,1638
1.826272856510091,3,0,2,4,0,4,0,10,54,1639
0.14313670366487832,3,1,2,4,2,4,0,7,49,1640
1.1950967991931363,3,0,0,0,8,4,0,10,17,1641
-0.38284334409925064,3,1,2,2,9,4,2,7,54,1642
2.141860885168568,3,1,2,4,2,4,0,7,54,1643
-0.9088233918633796,0,1,0,2,9,4,2,1,16,1644
0.14313670366487832,3,1,2,4,9,4,0,7,0,1645
-0.698431372757728,3,1,1,1,7,4,0,24,54,1646
3.404212999802478,3,0,2,4,2,4,0,10,54,1647
-1.0140194014162054,3,1,2,2,7,1,0,7,37,1648
-1.0140194014162054,3,1,2,4,2,4,0,7,0,1649
1.4054888182987877,3,1,2,0,7,1,0,26,54,1650
-1.0140194014162054,3,1,2,4,9,4,2,20,54,1651
-1.0140194014162054,3,1,2,4,2,3,0,8,28,1652
-0.8036273823105538,3,1,2,9,9,2,2,7,2,1653
-0.698431372757728,3,1,2,9,2,2,2,8,54,1654
-0.2776473345464248,3,1,2,2,2,4,0,7,0,1655
-0.38284334409925064,3,1,2,4,9,4,0,14,30,1656
-1.119215410969031,3,1,2,0,2,3,0,20,30,1657
-1.3296074300746827,3,1,2,1,0,1,0,27,32,1658
-1.3296074300746827,3,1,1,10,13,4,2,8,32,1659
-0.9088233918633796,3,1,1,4,2,4,2,8,12,1660
-1.0140194014162054,3,1,2,1,2,4,0,7,17,1661
-0.06725531544077326,2,1,2,1,6,1,2,7,46,1662
-0.9088233918633796,3,1,2,1,9,4,0,27,16,1663
-0.4880393536520764,3,0,2,3,2,4,0,20,54,1664
-0.2776473345464248,3,1,2,2,2,4,0,7,32,1665
-0.9088233918633796,3,1,2,6,2,4,0,7,54,1666
-1.0140194014162054,3,1,2,1,9,4,0,27,54,1667
-0.2776473345464248,3,0,0,0,9,4,0,1,32,1668
-0.8036273823105538,3,0,2,11,7,4,2,7,54,1669
-0.9088233918633796,3,1,1,2,2,4,2,7,30,1670
0.14313670366487832,3,1,2,1,2,4,0,7,54,1671
0.24833271321770412,2,0,0,2,9,2,2,10,54,1672
-1.119215410969031,3,0,2,10,0,4,0,20,54,1673
-0.06725531544077326,0,1,2,1,2,4,0,7,49,1674
-0.4880393536520764,3,1,2,1,2,4,0,23,32,1675
-0.4880393536520764,3,1,2,1,0,1,0,7,32,1676
-0.698431372757728,3,1,2,7,2,4,0,8,54,1677
-0.698431372757728,3,1,2,6,2,4,2,9,54,1678
0.037940694112052524,3,1,2,4,0,2,2,7,54,1679
-0.17245132499359905,3,1,2,0,2,2,0,7,17,1680
-0.5932353632049022,3,1,2,2,13,4,0,10,34,1681
-0.38284334409925064,2,0,1,6,9,4,2,20,54,1682
-0.4880393536520764,3,1,2,6,9,4,2,7,0,1683
0.4587247323233557,0,1,2,4,9,2,0,10,54,1684
-0.698431372757728,3,1,2,1,2,2,2,10,54,1685
0.14313670366487832,3,0,2,2,2,4,0,7,54,1686
-0.5932353632049022,3,1,2,1,9,4,2,7,54,1687
0.14313670366487832,3,0,2,1,7,4,0,7,54,1688
-0.5932353632049022,3,1,2,1,2,4,0,7,54,1689
-0.4880393536520764,2,0,2,4,9,4,0,24,50,1690
-0.9088233918633796,3,0,2,2,2,4,0,20,39,1691
-0.8036273823105538,3,1,2,2,0,5,0,27,30,1692
0.5639207418761815,3,0,2,2,2,4,0,10,0,1693
-0.698431372757728,3,1,1,2,9,4,2,7,47,1694
-0.9088233918633796,3,0,2,3,9,2,0,20,54,1695
-1.119215410969031,3,0,2,3,2,1,0,27,54,1696
-1.0140194014162054,3,0,2,6,0,4,0,13,54,1697
-0.06725531544077326,3,1,2,2,2,4,0,12,34,1698
1.9314688660629167,3,1,2,4,0,1,0,14,54,1699
